0.00000,24.70232,15.74752,39.80871,15.76101,17.44321,16.73159,20.38709,16.08384,17.63914,18.29431,21.68619,28.69657,15.35532,15.07684,25.15515,16.35548,18.58742,21.56469,16.08447,17.28652,17.50902,20.09867,19.97711,16.72702,23.62394,19.49186,18.71610,17.79031,18.83591,20.12610,19.87373,19.93427,17.89191,16.94679,17.31581,18.92421,16.53853,16.72392,16.87800,16.80924,17.23811,17.12991,16.29298,17.54578,16.42508,17.05715,17.48353,17.14106,16.49441,18.48426,23.60694,25.21923,15.98543,20.96668,21.39252,20.90483,18.12118,17.62340,16.22021,16.32346,16.09241,14.40352,20.86518,18.05658,19.79241,17.99968,15.65240,26.26466,17.96183,15.64711,22.54484,16.13812,19.57005,22.80697,17.92644,18.99773,23.26092,21.41349,17.21514,16.35045,20.98377,17.31208,17.30195,16.00624,17.40915,20.15869,25.19868,18.37725,19.40184,15.80767,15.01213,21.04590,14.62019,29.76651,19.03757,25.07124,15.21872,19.41931,24.37382
24.70232,0.00000,22.42184,22.90022,37.81807,19.85003,26.37243,23.56217,26.43448,17.86362,26.44670,21.30120,20.19914,25.70729,18.56253,20.93364,23.72893,20.77508,26.87624,20.22378,18.95079,27.72197,26.57284,28.28735,19.24593,19.65439,19.85856,23.74920,20.10708,27.97423,22.56929,19.86788,23.46001,21.20027,26.07498,26.10486,24.01954,22.60982,21.80970,25.13604,22.89746,19.12711,21.87635,27.27249,20.98127,25.32816,19.10701,20.60317,21.64335,25.82365,22.14280,23.63818,21.67801,24.10468,22.17389,26.21038,20.15092,19.02138,24.30842,24.58784,22.39519,24.46105,19.03399,19.79579,19.73014,26.63640,18.44031,17.50758,20.31445,22.49161,26.95890,22.38886,20.15017,19.67552,22.02850,21.33246,22.87708,23.28186,21.65488,18.91380,26.83050,24.69204,24.58831,20.82755,19.43116,22.21380,22.83301,25.25094,21.17288,26.95393,24.79688,22.60515,22.48343,21.45400,20.22826,28.36240,26.03725,22.47825,20.87484,23.44649
15.74752,22.42184,0.00000,26.42897,17.95900,42.86423,20.99373,26.00828,22.78935,22.94289,18.34367,21.98677,21.57950,23.01413,31.17493,19.65700,19.67703,27.82142,18.70216,24.12493,23.03544,19.68288,23.59906,26.13800,25.51905,19.93711,18.00025,23.95002,21.67490,21.68461,23.46443,20.14347,19.59175,24.00407,22.40197,24.27519,23.00696,21.45722,21.88914,19.37136,22.94527,22.42381,21.42334,17.56945,24.14963,19.70346,21.05464,20.07370,20.30042,19.15664,20.62515,18.62739,21.62668,26.20396,25.78590,19.53609,24.20567,20.40562,18.62566,21.08926,21.88332,21.80656,22.50126,19.32359,17.04002,23.33933,23.02640,19.07118,18.96415,20.52976,25.10728,22.13883,21.15982,21.71694,18.99943,22.00105,25.63445,20.48319,20.61477,24.16591,20.99168,21.43971,19.83060,23.66850,20.26072,18.47577,19.87381,21.53211,21.56506,25.53476,21.67384,22.65510,19.60053,19.78171,23.45301,20.26866,33.94604,23.09479,24.63554,17.97578
39.80871,22.90022,26.42897,0.00000,23.51358,16.28020,37.26110,14.33550,18.10978,16.19250,17.50836,15.14533,17.25988,16.66621,19.89082,27.20749,13.62992,13.73978,22.10219,15.89357,18.66179,19.32654,14.33211,19.14259,18.69991,19.22037,17.28167,15.59947,21.25411,17.48907,17.20176,18.38192,16.54645,18.12130,18.30118,18.22475,18.19725,16.29440,16.48870,17.23746,16.78761,16.64311,16.11715,14.87588,14.55812,17.54415,16.36418,18.81863,14.59110,15.60958,16.85709,19.01728,13.90727,16.79586,21.37293,21.73226,14.75008,18.71884,17.43490,17.21412,18.22844,16.82096,15.12549,16.26050,14.42849,14.84163,18.57148,17.13075,16.75337,16.57690,15.02802,24.13581,18.92507,14.23857,18.61580,16.62554,17.11701,20.51115,16.36644,16.65392,20.52049,19.54366,20.29722,16.63388,19.65665,15.82157,16.04901,14.44767,16.03093,16.88917,22.19635,17.49987,17.50212,15.70161,15.55231,18.89210,13.88814,26.89172,18.12152,21.85224
15.76101,37.81807,17.95900,23.51358,0.00000,18.38313,24.31369,30.61137,21.27060,28.41542,25.04254,26.74406,19.08944,28.11822,20.92906,18.84315,20.80255,19.99258,22.28734,18.63980,21.68991,28.95874,18.91638,19.85319,28.86631,28.96696,28.82670,19.14768,19.77040,18.32936,24.52513,19.42291,28.84907,23.31883,18.31203,23.87962,22.18788,28.57615,27.43469,25.02884,23.53099,21.93788,26.67764,24.52326,18.21940,23.89555,28.98936,23.54370,26.79249,20.48504,20.95859,21.82433,27.49823,22.87572,24.34755,17.49208,22.75359,22.86113,27.39905,18.40395,16.75334,26.69657,24.41503,23.06245,26.66661,19.85669,22.39289,19.16671,27.34065,17.34726,17.02155,20.67309,19.52730,28.09275,23.29324,18.42740,21.57612,23.13878,19.56547,23.51782,22.84043,18.86306,18.30102,30.11925,26.45049,25.29424,21.06344,20.03849,22.57015,22.98898,24.31350,17.19762,27.81988,25.92603,25.11075,25.01417,20.34157,22.01016,24.25793,26.81586
17.44321,19.85003,42.86423,16.28020,18.38313,0.00000,30.07672,19.63185,49.32001,19.32719,22.87287,21.99132,23.23453,18.86970,22.44015,22.67032,27.55975,35.87905,19.14672,18.67525,32.04010,19.07690,24.79141,24.96179,17.75884,24.41609,23.35251,26.19605,20.96908,18.02552,27.31910,22.24777,22.25715,23.26981,21.38979,22.27983,24.79083,23.23153,23.14879,22.75239,22.44465,22.18364,18.80426,21.62859,20.12458,21.21088,17.69245,22.78856,19.78005,22.36782,18.99371,20.65741,19.59094,22.46307,18.15117,22.72568,29.50355,27.10683,18.79070,24.38702,21.08065,22.04146,23.15263,21.99531,20.20489,20.85808,19.50365,17.45494,24.96364,22.27176,19.66020,21.64753,20.05409,30.34306,23.05825,20.02916,22.96457,19.52709,21.12861,26.94814,21.57527,22.21869,28.57075,22.90023,23.10106,20.17259,25.29252,19.97881,18.68367,18.89030,21.41187,22.63528,29.32975,22.82030,24.43652,19.24124,18.32629,25.31039,18.22787,37.83805
16.73159,26.37243,20.99373,37.26110,24.31369,30.07672,0.00000,25.73139,30.14405,38.94458,28.62551,37.49098,34.70749,34.61516,24.30010,37.29079,30.73823,26.78069,26.49492,27.96851,28.85251,25.12718,28.24322,39.80953,24.33545,26.37658,36.51343,37.45382,39.14564,21.58690,26.78110,23.19878,32.56489,29.37046,38.31542,30.67037,26.44731,32.75577,27.25170,37.99395,36.12980,34.82276,32.60687,30.36252,35.04532,32.14296,28.07640,28.91491,39.05050,29.45568,31.90182,28.00844,28.89611,25.93272,33.65106,30.57049,35.59232,24.79003,27.73268,28.35566,35.68284,23.10576,19.01809,31.08176,32.33722,31.21415,37.56931,27.87442,26.91726,24.35721,37.26629,23.23522,25.37333,29.44080,24.45442,36.02600,31.67108,24.11787,26.27121,28.76681,24.65424,32.31870,29.57387,26.07047,21.49324,34.27846,32.68831,33.90852,27.96469,25.32179,31.39579,31.67588,30.87465,23.26544,36.10238,34.29238,30.69191,29.69628,32.18527,29.83274
20.38709,23.56217,26.00828,14.33550,30.61137,19.63185,25.73139,0.00000,23.63548,14.21920,39.81559,16.27960,18.95344,18.20661,18.46815,14.76114,17.09913,17.99523,20.47417,28.30095,15.53997,15.23348,25.55812,14.53583,18.90541,19.97876,16.96008,18.28203,19.21804,19.24538,17.63902,14.38473,21.18594,17.85380,18.90570,18.05705,17.48884,16.81921,18.88865,17.40332,18.42978,17.22542,17.04222,17.41603,15.41964,17.58223,17.47632,18.14071,13.66473,17.99984,14.22555,15.16922,16.58083,16.85449,14.84715,15.07275,14.18434,18.22077,24.08113,20.51241,14.61539,19.63080,17.95102,17.71020,16.08411,15.78243,17.29527,16.62016,15.02773,13.27963,21.34807,17.93426,15.74044,16.67472,16.02375,23.41127,16.19891,17.17676,17.88185,14.55892,17.64249,21.78124,16.85106,17.03594,21.96567,17.81054,15.93745,15.23800,19.36359,16.06408,14.15824,16.01269,16.33137,17.54707,22.85823,16.94653,17.51585,15.10745,14.34661,20.49530
16.08384,26.43448,22.78935,18.10978,21.27060,49.32001,30.14405,23.63548,0.00000,25.09233,20.59922,45.61568,19.71043,26.21642,23.56069,24.75387,16.89855,25.28665,20.48260,21.25300,30.47818,18.84018,19.95052,26.17176,19.16697,26.86894,20.07195,18.95969,26.61978,26.81391,27.71520,17.17998,18.36995,20.68801,22.44560,19.34926,26.25770,20.65375,18.69325,24.19276,22.76075,25.95821,25.67324,23.61833,22.35954,21.07794,23.86171,22.62548,19.01567,19.63570,26.31609,20.15173,23.73965,19.24667,20.57268,19.02329,24.19542,20.39385,22.51161,23.58547,23.54237,19.79349,25.28524,18.74975,17.17207,23.57757,23.76520,21.49588,24.43549,19.63713,18.56872,19.82786,25.37774,16.20891,19.02654,20.19655,23.64754,25.98234,22.09207,18.88012,19.97898,20.58580,22.01137,22.80935,20.55268,21.56244,18.17539,24.53892,22.04888,23.95954,19.57133,18.59783,20.68459,21.69837,23.01015,22.98382,24.98787,24.12792,20.54364,20.50428
17.63914,17.86362,22.94289,16.19250,28.41542,19.32719,38.94458,14.21920,25.09233,0.00000,24.21607,15.93055,38.49060,15.62914,17.37126,16.21137,18.77941,15.98937,16.57985,18.28334,21.68200,27.78436,13.37591,14.45732,23.83020,17.53536,17.90905,20.57409,15.23474,17.72112,17.56252,19.00871,18.92117,15.81299,22.80455,18.56109,18.55799,17.13631,17.64573,19.61258,20.21595,19.97705,17.64388,15.93352,16.70462,18.67598,16.46664,16.67918,16.89045,16.83128,14.31480,16.41716,17.25685,17.47464,16.33342,16.68273,16.61777,17.00454,15.35032,16.92957,23.34109,23.19187,15.54081,20.72921,20.06194,18.64979,18.11097,16.72243,15.72452,16.09857,15.06516,15.13529,20.28466,16.55791,17.54411,17.26741,15.60309,24.92322,17.86414,16.01960,21.53451,16.76999,19.30024,22.52471,17.29925,18.35980,21.75521,21.82888,17.56925,16.15889,20.73066,16.61306,16.26728,15.75259,16.50894,18.83749,23.67858,17.33687,18.95291,15.34125
18.29431,26.44670,18.34367,17.50836,25.04254,22.87287,28.62551,39.81559,20.59922,24.21607,0.00000,25.95418,15.66738,41.74410,15.82699,18.62514,17.81498,19.99288,16.78870,19.10167,18.15430,21.99476,30.22754,15.13255,15.41039,26.10996,16.97381,19.28430,22.23795,15.84506,19.05164,18.84417,21.12865,19.86117,16.13537,23.41314,19.35666,18.99134,19.72411,18.73626,18.80435,20.04374,19.57624,19.14682,17.96535,17.55517,19.61831,16.99585,16.96830,16.46599,17.47107,14.85299,18.59648,16.88770,18.14588,15.91175,17.14152,17.42997,18.60266,15.29516,17.93442,24.52158,23.25761,15.68982,20.05301,18.97777,19.65088,18.69712,18.20486,16.34528,17.56249,16.18490,16.22444,20.93539,19.47937,17.46940,17.87252,16.33683,26.24078,19.50100,15.75276,21.30159,16.67494,17.98732,23.47785,17.06280,18.47589,23.58566,21.79978,20.16064,18.31325,20.85922,16.76850,16.58776,15.74405,17.23982,18.96483,25.60447,18.21652,18.79229
21.68619,21.30120,21.98677,15.14533,26.74406,21.99132,37.49098,16.27960,45.61568,15.93055,25.95418,0.00000,28.00050,20.32772,45.19749,18.18401,22.27406,19.90179,22.55358,18.31691,21.95951,21.79480,24.68001,33.14094,17.85655,17.46241,28.73988,18.83209,23.35416,23.44912,18.07129,22.28588,22.28625,23.90862,21.81351,19.75583,24.00150,21.91808,21.52511,22.03297,22.29986,22.12259,23.23727,22.13022,22.73544,21.64570,21.22453,22.44347,18.89215,20.82096,19.35291,20.29109,18.40057,21.78571,19.15200,22.31537,18.45554,19.27324,18.77610,22.08064,18.80841,21.38903,27.11217,26.19522,17.77836,24.20944,21.20065,20.04801,21.20895,21.11743,18.73108,21.23748,19.14362,16.79586,23.52136,22.37829,20.02675,20.48422,19.69221,29.42986,23.80764,19.08154,22.75880,18.57385,20.09676,26.26506,20.79370,21.29353,26.57955,21.86332,22.82104,19.89138,24.63210,19.74138,18.17520,19.23144,20.24361,21.54099,28.44609,23.61049
28.69657,20.19914,21.57950,17.25988,19.08944,23.23453,34.70749,18.95344,19.71043,38.49060,15.66738,28.00050,0.00000,30.58206,18.37155,48.02226,18.36868,20.70508,19.43253,24.12932,18.38556,20.88959,22.28763,26.56860,35.38333,17.88379,17.56788,30.39362,19.69351,22.98273,24.87551,17.74438,21.75095,20.87918,25.11168,21.61458,19.59111,27.80737,23.21221,22.70211,21.88837,21.43869,22.60266,23.75029,23.12565,21.26356,20.93512,20.15642,22.81943,20.18331,19.42901,18.97667,19.35477,17.87426,20.52555,18.70257,21.61935,19.24552,20.32713,19.49050,22.21491,18.67660,21.98862,29.17933,27.86268,18.26914,23.37736,23.83940,23.56539,20.91506,21.01023,18.79171,19.06514,19.15564,17.20978,24.98033,21.47207,24.18926,22.47193,19.31608,31.17842,22.32634,18.78009,24.90631,20.02106,21.14779,27.83287,20.78159,21.97591,27.62963,23.27469,20.39592,19.20360,24.35761,19.09019,19.71793,18.02203,19.82165,24.71693,30.31983
15.35532,25.70729,23.01413,16.66621,28.11822,18.86970,34.61516,18.20661,26.21642,15.62914,41.74410,20.32772,30.58206,0.00000,18.26524,27.95531,27.54323,22.64290,30.13546,26.47893,27.92663,20.26994,29.59089,23.32133,19.69260,18.63691,22.22507,22.67827,17.20571,23.66028,31.02412,19.25439,21.40124,29.91681,29.71018,31.28412,17.42874,24.05527,16.58798,27.34509,20.46282,30.88143,25.81091,21.97988,24.23840,24.45972,28.82713,29.30517,26.59174,26.43184,24.30651,26.95763,24.55666,20.01059,23.65544,29.85830,24.50695,28.19923,21.72478,24.27428,22.62748,29.53701,24.72840,26.47473,17.78486,23.48523,23.35793,28.90871,16.87043,14.71282,25.20705,26.73044,24.47586,29.48346,24.06584,22.14316,19.59025,28.94096,19.13321,19.23374,23.30880,19.10169,30.55792,24.55699,19.93471,22.94899,21.92235,20.60354,25.16557,24.58722,19.34897,16.82530,29.09179,26.48152,25.03561,23.29429,22.32608,23.80450,26.63538,25.49576
15.07684,18.56253,31.17493,19.89082,20.92906,22.44015,24.30010,18.46815,23.56069,17.37126,15.82699,45.19749,18.37155,18.26524,0.00000,25.94650,20.21683,39.62787,18.45648,21.23451,20.63313,22.30685,17.20818,21.14026,21.48514,23.06292,30.86469,17.34851,17.30792,27.26890,18.32505,22.55324,21.40550,18.57872,21.71224,21.08970,23.19286,21.01589,18.32768,25.00230,21.28348,21.04913,21.24503,21.29464,20.79024,22.35166,21.14387,22.80099,20.63401,20.33358,21.84153,19.18019,20.29838,19.42573,18.79776,19.95133,21.16744,18.59599,22.90065,18.87746,18.49507,18.02123,24.26797,19.99640,20.64653,25.86723,22.69535,19.29349,22.94234,21.90582,20.65161,21.56095,19.70436,19.12505,21.12005,18.55099,17.04312,21.93656,20.79010,22.07962,19.11207,17.77469,27.36332,23.13934,18.15102,22.00156,17.78903,20.96728,23.62151,21.32340,21.00655,24.34604,20.94443,22.85620,19.34495,23.79765,19.75683,18.22291,19.00559,19.70385
25.15515,20.93364,19.65700,27.20749,18.84315,22.67032,37.29079,14.76114,24.75387,16.21137,18.62514,18.18401,48.02226,27.95531,25.94650,0.00000,26.71878,16.46855,43.31234,17.56266,20.61108,18.52242,21.74259,16.41302,19.30327,20.02310,21.96844,30.86742,16.30964,16.04028,26.74008,16.48859,21.05047,21.70931,16.66883,21.15195,20.14012,21.93674,19.91845,16.81708,22.75043,19.79357,19.21151,19.99182,19.59238,18.68117,20.83199,20.36323,19.79342,20.19263,19.19420,19.47332,17.42436,19.52312,17.79401,17.99258,15.59334,19.64252,17.10286,18.80018,17.02124,19.06155,17.21540,18.74997,16.18467,19.44806,25.92906,24.32731,17.10833,20.84484,18.78449,19.02942,19.30288,18.93301,17.96190,18.25480,17.57885,15.21893,22.10109,20.97059,18.30291,18.41270,18.30608,26.60121,20.48192,17.64486,20.59793,17.38649,19.04179,25.23034,17.90249,18.90026,23.69329,20.03322,18.77689,17.67650,21.10132,17.59017,16.56914,17.20810
16.35548,23.72893,19.67703,13.62992,20.80255,27.55975,30.73823,17.09913,16.89855,18.77941,17.81498,22.27406,18.36868,27.54323,20.21683,26.71878,0.00000,24.96674,15.25223,42.52100,17.18901,18.96463,18.49781,19.76586,14.86084,17.96318,19.72514,20.98873,30.02924,15.56291,15.27517,27.79754,13.91959,19.72201,21.20800,16.33711,20.21236,19.76327,20.58658,19.67339,13.82834,21.85078,17.39368,19.47122,19.22716,17.63293,17.48549,20.05210,19.60473,19.25010,18.69210,18.72494,17.95475,15.91436,18.24546,17.36539,17.12030,15.58803,18.40071,16.07358,17.41166,16.27365,16.83348,15.51640,17.23470,14.41314,18.19208,24.72800,23.00844,16.20913,19.68907,18.85144,18.44701,18.37507,17.73858,17.27777,18.06461,15.41874,13.73869,19.33333,19.23865,17.27715,17.48707,16.58108,24.39674,17.87947,16.67523,18.07120,15.15608,18.22893,22.96887,18.80685,17.08655,23.39738,18.62406,18.10464,17.07428,22.23301,17.18478,14.30329
18.58742,20.77508,27.82142,13.73978,19.99258,35.87905,26.78069,17.99523,25.28665,15.98937,19.99288,19.90179,20.70508,22.64290,39.62787,16.46855,24.96674,0.00000,21.78527,17.87382,32.56460,14.01657,18.11092,15.57929,18.66367,15.60839,18.49526,15.99905,19.13722,25.68597,13.36603,14.45943,21.09222,15.84831,18.19038,18.88977,14.24394,19.61352,18.81380,19.31128,16.66953,16.14093,18.72224,17.55718,16.75013,19.59783,17.41531,18.25234,17.24527,18.48095,18.03997,17.21064,16.60973,18.14263,16.23677,16.77286,16.27587,14.34187,15.91595,17.16980,17.45144,19.24844,14.33881,16.19994,16.70786,19.47904,15.07945,16.75494,20.31190,20.08803,15.48601,19.83890,16.41681,15.46269,18.25165,17.68137,15.71000,17.68041,15.82132,16.12140,18.12552,17.66577,16.60137,15.34050,15.33414,22.80582,19.08600,15.41594,18.66491,16.77527,16.54933,20.31773,15.89231,18.31089,19.93680,18.39303,20.96702,17.58660,19.14113,15.68096
21.56469,26.87624,18.70216,22.10219,22.28734,19.14672,26.49492,20.47417,20.48260,16.57985,16.78870,22.55358,19.43253,30.13546,18.45648,43.31234,15.25223,21.78527,0.00000,23.32781,17.04116,38.47230,16.26833,20.11902,17.57219,20.39044,15.47408,20.06361,18.16918,20.05139,27.54869,14.89215,15.96827,23.98627,15.53328,21.08863,20.19292,15.23200,21.68827,20.17215,21.48279,17.98082,14.85056,20.88204,18.35905,17.87800,21.32983,18.03517,17.33549,19.20181,20.21636,19.97604,19.68487,18.43021,18.09951,17.23221,18.79246,17.83878,16.35592,16.63523,20.07755,17.21571,19.55106,15.57722,17.13941,16.70466,18.87207,16.26715,17.95178,22.86253,22.87384,16.32229,20.76258,17.78803,16.63990,19.06959,18.53477,17.05378,18.68971,16.17131,15.51107,18.68624,20.31537,15.19759,16.61810,17.20925,23.96680,20.58986,16.50817,18.44520,16.57271,18.69503,21.44700,18.16699,18.07298,20.97774,18.03664,20.82194,17.76898,21.33010
16.08447,20.22378,24.12493,15.89357,18.63980,18.67525,27.96851,28.30095,21.25300,18.28334,19.10167,18.31691,24.12932,26.47893,21.23451,17.56266,42.52100,17.87382,23.32781,0.00000,26.88602,20.73524,43.67960,19.55103,24.55624,21.79831,24.71376,18.39595,23.40899,23.05277,24.17251,30.45171,18.90952,20.46560,28.47601,19.30794,25.81116,23.74840,18.59125,25.19567,25.06498,26.02118,20.84432,18.91430,23.77633,21.55649,22.92744,24.57087,21.56939,22.75993,24.15657,23.72265,23.93045,23.61535,24.09955,23.32280,19.87975,23.08741,21.66524,20.41130,19.54677,24.31797,21.25700,23.56878,19.53887,20.38216,19.56123,24.11009,20.50997,22.72547,25.97702,25.47275,20.64162,24.85510,21.40189,20.18467,22.78716,22.47314,20.79336,23.20721,19.05657,17.44595,22.90798,24.35276,21.09310,20.64085,19.30365,26.30289,24.11900,20.55947,22.53543,20.18126,22.30361,25.63652,21.60202,21.29884,25.85390,21.89593,23.55133,21.59068
17.28652,18.95079,23.03544,18.66179,21.68991,32.04010,28.85251,15.53997,30.47818,21.68200,18.15430,21.95951,18.38556,27.92663,20.63313,20.61108,17.18901,32.56460,17.04116,26.88602,0.00000,27.57352,16.58038,43.08889,17.07007,18.98324,17.97258,19.87711,17.84445,18.77035,19.90877,23.14353,32.42241,15.90536,16.38818,28.18475,17.57815,19.81433,22.91210,16.33560,19.84195,18.68055,21.51543,20.67175,17.08779,24.65217,19.91111,20.79672,19.93544,19.62888,20.48690,21.05174,20.25026,19.16231,18.20229,18.67139,20.19601,16.86382,17.80113,17.46082,17.09388,15.27398,18.32590,17.13742,18.32012,16.86019,17.73424,18.27876,18.33958,15.36488,18.82291,25.96331,24.35767,16.50693,20.99628,19.98782,20.61870,18.66524,18.60297,16.97395,17.65613,16.45763,16.32300,22.40587,18.74060,18.15246,19.23730,17.66884,27.53737,19.10255,16.91484,22.67575,17.34975,18.76481,24.66440,18.39376,18.77366,24.73144,23.10921,19.53868
17.50902,27.72197,19.68288,19.32654,28.95874,19.07690,25.12718,15.23348,18.84018,27.78436,21.99476,21.79480,20.88959,20.26994,22.30685,18.52242,18.96463,14.01657,38.47230,20.73524,27.57352,0.00000,29.04946,18.07907,43.22051,17.42605,18.72694,17.67446,23.84716,20.91552,20.07371,21.92408,26.16937,32.18916,16.82075,17.20881,28.07900,21.99941,21.82203,26.54715,18.30220,20.09192,19.11636,24.08325,21.61979,19.56359,28.81884,22.85357,21.69467,21.40556,20.25643,24.63011,22.43981,24.05736,19.89052,17.88498,18.69853,22.81203,19.50156,17.76731,18.96912,19.05445,17.42569,18.33491,20.53205,18.18347,18.13885,19.30681,21.61155,19.25788,16.89693,20.41695,27.03594,29.34122,18.59511,24.14631,23.73854,21.98051,21.41550,20.67739,18.59197,16.71589,18.52693,19.81061,24.18022,21.36694,21.93966,20.56991,17.99131,29.33736,19.61293,17.67211,26.50495,21.65178,22.74811,28.16647,19.31321,22.31340,26.42491,26.66582
20.09867,26.57284,23.59906,14.33211,18.91638,24.79141,28.24322,25.55812,19.95052,13.37591,30.22754,24.68001,22.28763,29.59089,17.20818,21.74259,18.49781,18.11092,16.26833,43.67960,16.58038,29.04946,0.00000,16.81521,22.83910,27.12544,16.71675,23.78052,21.59796,21.71000,15.79782,22.73415,18.04228,15.92636,18.90285,16.45547,18.86028,17.29766,19.31128,24.05430,16.65853,17.00827,25.21749,23.67969,24.45843,15.92554,18.45179,16.44891,20.07963,16.28550,24.72029,19.28491,17.34091,18.42417,19.16549,22.60922,23.44728,20.42357,19.75205,19.20035,21.92480,19.69538,15.52965,19.90550,23.10057,19.40819,23.96321,16.74198,17.74114,19.54214,22.69538,19.14618,20.06052,16.73431,19.63863,18.86983,21.99686,15.23228,14.23117,22.86197,21.66230,18.71244,23.25375,17.34513,18.40093,16.03159,22.28934,13.74530,14.55818,17.84989,17.03737,24.83353,19.36010,17.10364,18.56642,19.36019,16.90357,19.36560,20.18643,16.07576
19.97711,28.28735,26.13800,19.14259,19.85319,24.96179,39.80953,14.53583,26.17176,14.45732,15.13255,33.14094,26.56860,23.32133,21.14026,16.41302,19.76586,15.57929,20.11902,19.55103,43.08889,18.07907,16.81521,0.00000,20.80063,24.00371,35.41065,19.14186,28.24907,24.47912,27.51528,18.13550,28.21285,22.02067,20.12926,24.05261,19.72489,21.96581,20.97937,20.58528,29.35846,19.53965,19.07867,28.86785,28.26400,29.11561,16.90992,20.66220,17.60770,25.22617,19.26266,28.64161,23.07855,20.54398,23.77034,23.16107,27.55735,27.50375,25.64034,24.26687,22.46586,26.14946,23.56399,18.76982,21.49159,27.69579,21.81672,25.52506,18.57869,21.97047,21.05366,25.73548,23.26563,24.25728,20.06489,22.94032,22.17852,27.47220,17.40469,15.89109,24.13926,26.92447,23.32300,27.37640,21.58886,19.57578,19.27579,27.44034,17.04774,18.45055,21.61596,21.12301,27.93463,22.86232,18.06176,21.44471,21.42632,20.24139,24.81541,21.85589
16.72702,19.24593,25.51905,18.69991,28.86631,17.75884,24.33545,18.90541,19.16697,23.83020,15.41039,17.85655,35.38333,19.69260,21.48514,19.30327,14.86084,18.66367,17.57219,24.55624,17.07007,43.22051,22.83910,20.80063,0.00000,24.09766,20.03553,39.61651,16.81509,21.83202,18.72699,21.37601,17.07124,20.95146,19.84221,21.55823,29.21459,16.00703,16.88775,25.17638,17.96406,22.27469,20.99961,16.27888,21.83218,21.76824,23.90121,18.62236,17.66481,21.55418,20.84487,19.31287,22.17803,20.32808,19.07796,19.93495,21.34062,21.09349,20.09766,18.90744,20.33641,18.91463,20.20158,18.32233,16.40723,17.54655,21.19638,18.85506,21.49125,16.76075,18.06277,18.77668,22.85810,17.81943,19.99636,23.50421,24.32299,17.12179,22.41084,18.50083,18.03211,20.61135,20.56816,17.56834,20.92201,17.66248,17.24970,21.99395,20.99925,17.78826,18.01559,18.30344,25.75084,22.63344,18.12322,20.73881,18.41415,19.03841,22.82235,18.48066
23.62394,19.65439,19.93711,19.22037,28.96696,24.41609,26.37658,19.97876,26.86894,17.53536,26.10996,17.46241,17.88379,18.63691,23.06292,20.02310,17.96318,15.60839,20.39044,21.79831,18.98324,17.42605,27.12544,24.00371,24.09766,0.00000,26.69639,17.10700,44.04705,17.50239,20.61906,19.25326,20.76810,16.29733,20.51780,20.11947,22.50110,31.46471,17.94289,17.49785,28.97697,16.34206,23.14829,21.02471,17.03055,21.09017,21.46235,21.81707,19.41497,16.46615,22.36173,19.10808,20.66574,20.92492,19.39065,18.70332,22.27195,20.74592,20.36016,19.60914,19.79426,20.15963,17.81522,19.48822,19.08357,19.16448,16.63374,20.35147,17.53775,19.82036,17.41475,18.24986,16.47612,18.69884,17.05807,20.32364,24.90608,23.14273,17.91267,21.52181,19.48955,18.59030,20.04133,19.50830,18.51629,19.75579,17.45981,13.70281,21.04470,20.45446,18.69325,19.67502,17.50483,24.90640,20.11150,17.95291,20.05362,16.49688,19.08456,23.44637
19.49186,19.85856,18.00025,17.28167,28.82670,23.35251,36.51343,16.96008,20.07195,17.90905,16.97381,28.73988,17.56788,22.22507,30.86469,21.96844,19.72514,18.49526,15.47408,24.71376,17.97258,18.72694,16.71675,35.41065,20.03553,26.69639,0.00000,20.94183,23.66395,34.19177,20.54248,28.78307,25.13665,26.03674,18.64940,27.74275,22.07729,19.53499,24.84452,19.15405,21.91875,21.31823,21.11751,29.03575,19.49965,19.63482,27.70168,27.66771,30.53560,17.88881,21.09379,18.94542,24.75632,20.42225,28.21639,24.85012,20.91868,23.98822,22.27721,27.65592,27.17400,24.88615,25.07973,22.98582,25.89016,23.66853,19.78968,21.50744,29.20881,23.00776,25.84331,19.64750,21.55108,20.63936,26.41535,21.66975,23.37225,20.31771,23.11675,21.63169,26.72228,17.82742,15.52573,23.67212,25.26201,24.47850,27.52870,23.74658,19.78444,19.88932,26.49069,18.80153,17.76368,22.72892,20.90206,28.47621,23.62781,20.11444,22.11880,20.96447
18.71610,23.74920,23.95002,15.59947,19.14768,26.19605,37.45382,18.28203,18.95969,20.57409,19.28430,18.83209,30.39362,22.67827,17.34851,30.86742,20.98873,15.99905,20.06361,18.39595,19.87711,17.67446,23.78052,19.14186,39.61651,17.10700,20.94183,0.00000,23.04230,18.11590,37.22152,17.49721,22.26298,19.76641,21.78210,15.08953,19.63937,19.43963,19.80320,25.39744,15.56910,17.30469,24.37087,16.80012,22.15215,18.98982,16.38649,22.09631,22.69196,22.14475,19.47531,16.25713,21.26516,19.33981,18.83370,21.95117,18.90515,18.58454,20.80329,21.13945,21.60529,21.42385,20.86716,19.05236,17.51355,20.52721,19.81351,16.32795,18.36019,20.92285,18.85093,22.04599,17.85627,17.30644,17.94615,21.28847,17.45686,19.26811,21.97565,22.17482,18.30551,21.89607,18.34593,17.69235,21.86011,20.08776,17.67808,20.26582,16.43781,15.99504,19.09604,20.46480,18.13161,17.12264,16.96046,23.26808,22.08937,17.92610,19.14619,17.26719
17.79031,20.10708,21.67490,21.25411,19.77040,20.96908,39.14564,19.21804,26.61978,15.23474,22.23795,23.35416,19.69351,17.20571,17.30792,16.30964,30.02924,19.13722,18.16918,23.40899,17.84445,23.84716,21.59796,28.24907,16.81509,44.04705,23.66395,23.04230,0.00000,23.52467,18.42573,35.58175,15.76897,18.51692,16.73751,19.33649,16.19382,18.43127,17.09157,20.60531,26.40902,15.28341,14.21661,22.11804,18.64211,19.32205,20.44019,14.92074,19.37405,19.32394,20.68508,16.66280,16.19209,21.18980,19.38303,17.59725,18.79147,18.52395,18.80423,18.88700,18.30777,18.88716,18.16699,17.68232,19.45109,17.95357,16.49824,17.03499,15.57326,14.95184,18.34272,17.57190,19.78845,15.87622,16.30423,16.44841,20.38722,15.68078,18.12087,21.07544,21.33197,15.91683,20.89511,17.47181,16.20544,18.71741,17.17316,16.62694,17.56402,16.39469,17.15077,18.99948,17.92287,16.61413,17.09741,15.24919,24.14870,20.53795,16.45150,19.95718
18.83591,27.97423,21.68461,17.48907,18.32936,18.02552,21.58690,19.24538,26.81391,17.72112,15.84506,23.44912,22.98273,23.66028,27.26890,16.04028,15.56291,25.68597,20.05139,23.05277,18.77035,20.91552,21.71000,24.47912,21.83202,17.50239,34.19177,18.11590,23.52467,0.00000,20.10923,23.83392,31.99081,16.23447,24.89674,19.86701,22.38813,17.52096,23.14608,18.45050,17.41171,23.76765,16.54099,18.71978,18.74328,18.76886,24.12019,19.19333,17.34142,25.37730,24.18272,26.02066,16.20016,18.47370,17.64376,20.79219,17.71277,24.61428,21.59583,19.25681,19.48224,20.78609,22.74870,23.11653,20.24596,21.30553,20.55180,21.75572,20.44954,16.11032,19.76245,23.99323,20.79202,25.98487,16.44886,18.31005,20.33533,25.95473,19.47360,20.28663,19.40304,21.68737,19.86249,23.52557,16.30854,15.15251,23.01838,22.53709,19.38969,24.20048,19.47066,18.96686,18.98537,22.30919,18.28371,16.08185,17.64802,20.46923,25.89848,18.96490
20.12610,22.56929,23.46443,17.20176,24.52513,27.31910,26.78110,17.63902,27.71520,17.56252,19.05164,18.07129,24.87551,31.02412,18.32505,26.74008,15.27517,13.36603,27.54869,24.17251,19.90877,20.07371,15.79782,27.51528,18.72699,20.61906,20.54248,37.22152,18.42573,20.10923,0.00000,25.84643,15.31417,42.21224,16.94046,20.29622,18.84906,20.33864,15.30214,19.62479,19.59873,21.57512,30.78287,15.70077,15.38683,27.34059,16.14276,21.07518,21.50626,16.74556,19.44800,20.47911,21.30517,18.56548,15.48114,21.97212,18.44084,19.41572,19.73355,18.24823,18.48249,20.29414,19.12862,20.32386,18.70371,19.07578,19.21381,16.78222,18.52078,17.75397,17.92072,14.75427,20.89614,15.79162,17.49545,17.16482,18.17708,16.00439,17.65501,15.15710,19.56491,24.47271,22.41011,15.82231,19.98734,18.52597,17.72439,18.14716,18.08092,18.49958,18.80781,16.92851,15.05484,21.02144,20.52524,17.05014,18.18768,18.02059,24.50134,18.02527
19.87373,19.86788,20.14347,18.38192,19.42291,22.24777,23.19878,14.38473,17.17998,19.00871,18.84417,22.28588,17.74438,19.25439,22.55324,16.48859,27.79754,14.45943,14.89215,30.45171,23.14353,21.92408,22.73415,18.13550,21.37601,19.25326,28.78307,17.49721,35.58175,23.83392,25.84643,0.00000,29.86328,18.90912,45.22666,18.47769,20.03124,18.69471,23.87698,20.01199,20.20078,21.97999,27.51727,34.04979,17.94680,18.07815,30.43593,21.70574,22.62721,25.68623,17.63067,19.84639,20.19908,23.69297,21.99903,20.27599,28.48761,22.82572,22.53899,21.35680,21.47594,24.52399,24.40695,24.33637,20.39844,19.61123,20.56841,22.41463,19.95828,18.76569,19.24435,18.89643,17.94315,19.61996,20.17879,19.78765,17.85914,20.39217,19.92940,20.89742,18.59258,21.39656,28.43928,27.82151,18.29843,25.42216,23.69587,23.00954,20.84391,20.50661,18.68598,17.89143,19.04601,19.01942,25.48374,21.51974,23.36880,22.42644,18.70375,30.51314
19.93427,23.46001,19.59175,16.54645,28.84907,22.25715,32.56489,21.18594,18.36995,18.92117,21.12865,22.28625,21.75095,21.40124,21.40550,21.05047,13.91959,21.09222,15.96827,18.90952,32.42241,26.16937,18.04228,28.21285,17.07124,20.76810,25.13665,22.26298,15.76897,31.99081,15.31417,29.86328,0.00000,19.81779,27.96732,28.69378,22.13141,30.78605,26.94560,28.07652,21.47156,30.32724,22.92495,20.73984,21.49585,22.37172,24.42773,18.51374,23.95377,31.89798,19.64404,21.72810,30.87353,31.31042,32.64842,17.78783,23.72716,19.11193,27.75701,21.23485,31.24015,25.88116,21.31905,24.32290,23.79652,28.49015,29.08927,27.00331,27.70481,25.69382,27.56334,26.02080,20.25714,25.61457,30.38037,25.96393,29.39347,21.95695,23.13509,23.54075,30.53082,26.51650,26.86844,18.31843,23.64176,24.66126,30.11457,18.57511,16.69197,26.47887,28.01282,24.84684,29.14950,24.60721,23.21941,21.00693,29.67047,20.03968,19.98845,23.26455
17.89191,21.20027,24.00407,18.12130,23.31883,23.26981,29.37046,17.85380,20.68801,15.81299,19.86117,23.90862,20.87918,29.91681,18.57872,21.70931,19.72201,15.84831,23.98627,20.46560,15.90536,32.18916,15.92636,22.02067,20.95146,16.29733,26.03674,19.76641,18.51692,16.23447,42.21224,18.90912,19.81779,0.00000,22.61378,16.20806,39.02678,16.73626,19.77387,18.36609,20.28675,15.33050,19.66025,18.69483,20.42156,28.15757,16.14577,15.22816,24.30168,15.25978,20.93644,19.56575,15.63889,20.21888,20.16983,20.95414,17.70366,15.89313,20.74191,19.42029,17.78831,20.29307,19.15952,16.88356,19.71693,17.68459,20.20097,19.26408,18.48712,18.28567,16.31868,18.64976,16.95793,16.79502,14.46154,20.37276,16.34540,17.49497,17.04222,17.88360,15.41176,18.06960,15.26786,19.01143,22.89502,20.71839,15.74158,19.95434,16.91017,16.38538,18.08141,19.12231,17.18506,18.92437,16.43912,14.54929,20.71582,19.62679,16.34040,16.32366
16.94679,26.07498,22.40197,18.30118,18.31203,21.38979,38.31542,18.90570,22.44560,22.80455,16.13537,21.81351,25.11168,29.71018,21.71224,16.66883,21.20800,18.19038,15.53328,28.47601,16.38818,16.82075,18.90285,20.12926,19.84221,20.51780,18.64940,21.78210,16.73751,24.89674,16.94046,45.22666,27.96732,22.61378,0.00000,19.24489,18.76298,35.00433,16.68686,22.10579,19.58570,22.18076,14.80086,21.36016,16.75601,18.16924,23.99703,16.35122,17.52677,20.57244,16.57047,23.00463,17.09736,15.10795,22.61756,22.18381,23.11399,14.32859,15.11943,16.57765,18.75350,17.00148,21.75460,18.45981,16.90959,19.93594,18.17493,20.99616,22.15034,20.07008,19.45344,18.10891,20.54996,18.96046,16.41831,17.00489,22.23794,18.02461,20.45536,15.74977,16.62848,16.71769,21.44912,18.15559,19.36676,20.13769,18.85110,17.63857,20.39324,15.63908,14.05344,20.36150,19.71310,18.12293,20.78300,16.65168,15.41181,16.73948,21.12520,14.34402
17.31581,26.10486,24.27519,18.22475,23.87962,22.27983,30.67037,18.05705,19.34926,18.56109,23.41314,19.75583,21.61458,31.28412,21.08970,21.15195,16.33711,18.88977,21.08863,19.30794,28.18475,17.20881,16.45547,24.05261,21.55823,20.11947,27.74275,15.08953,19.33649,19.86701,20.29622,18.47769,28.69378,16.20806,19.24489,0.00000,19.33594,19.31659,32.11054,14.87331,21.41591,18.18442,20.94998,14.48391,20.37995,15.63291,15.95187,23.40486,14.77483,16.93042,19.35586,15.85123,21.70990,17.27992,14.91813,22.25323,22.00141,22.56283,14.97865,16.05084,15.85255,18.32382,14.62140,21.99803,17.49079,16.82043,17.84670,20.18868,20.07331,20.48680,18.76772,18.39163,18.34118,19.67991,18.41993,14.04620,18.66819,20.83463,17.85968,23.78123,14.84895,16.96634,17.64533,23.45043,18.82585,17.04922,19.00881,20.24343,17.17773,21.26611,15.85625,14.79463,20.47721,19.05670,18.05883,20.46420,16.63521,15.55515,16.42550,19.79847
18.92421,24.01954,23.00696,18.19725,22.18788,24.79083,26.44731,17.48884,26.25770,18.55799,19.35666,24.00150,19.59111,17.42874,23.19286,20.14012,20.21236,14.24394,20.19292,25.81116,17.57815,28.07900,18.86028,19.72489,29.21459,22.50110,22.07729,19.63937,16.19382,22.38813,18.84906,20.03124,22.13141,39.02678,18.76298,19.33594,0.00000,29.48192,17.59507,50.36115,20.09026,21.68720,21.39972,22.33193,17.99253,22.12484,23.05889,24.84596,36.80266,20.22516,17.42851,32.32735,18.29974,22.72809,23.73924,18.75445,22.88102,21.53505,25.05613,21.28502,17.84548,27.46600,22.28555,22.81895,22.68946,21.36160,20.83128,24.25575,22.12733,23.85634,22.08342,22.68763,22.72224,17.94339,21.03434,19.43239,21.00327,17.98520,22.99014,17.30787,20.33765,19.19446,19.53345,18.76512,20.07676,17.72258,23.02941,30.04159,26.22512,17.89097,23.20704,21.24558,20.86590,20.42076,20.01906,20.22842,21.09842,18.72239,16.42422,23.38203
16.53853,22.60982,21.45722,16.29440,28.57615,23.23153,32.75577,16.81921,20.65375,17.13631,18.99134,21.91808,27.80737,24.05527,21.01589,21.93674,19.76327,19.61352,15.23200,23.74840,19.81433,21.99941,17.29766,21.96581,16.00703,31.46471,19.53499,19.43963,18.43127,17.52096,20.33864,18.69471,30.78605,16.73626,35.00433,19.31659,29.48192,0.00000,19.78652,22.63243,33.08760,18.42244,25.29543,22.33770,24.67632,18.30656,24.82774,19.73463,18.65012,24.45595,18.03590,19.40194,20.35502,18.67127,25.67194,19.09510,17.74283,25.33989,25.88227,26.73907,16.85579,19.41804,18.65861,23.73232,18.59096,24.44075,23.15474,18.52690,21.41082,20.75548,24.64698,24.24270,22.94792,22.59454,20.50235,23.39127,21.07737,17.71381,20.12820,25.18873,20.48629,23.78647,18.57114,19.41760,19.22438,24.09644,20.40016,21.98833,19.52981,21.64941,19.90976,24.77975,16.36567,15.76449,21.35487,22.99543,21.02782,25.27175,19.61442,18.47505
16.72392,21.80970,21.88914,16.48870,27.43469,23.14879,27.25170,18.88865,18.69325,17.64573,19.72411,21.52511,23.21221,16.58798,18.32768,19.91845,20.58658,18.81380,21.68827,18.59125,22.91210,21.82203,19.31128,20.97937,16.88775,17.94289,24.84452,19.80320,17.09157,23.14608,15.30214,23.87698,26.94560,19.77387,16.68686,32.11054,17.59507,19.78652,0.00000,23.00468,15.44891,35.96085,13.72285,15.91414,14.68744,18.29384,15.63777,16.77492,16.21309,19.51637,25.86381,13.35068,14.18912,21.23392,17.46788,18.28438,18.56219,13.35368,18.18140,17.35747,19.58832,16.25065,15.98675,20.15560,17.18249,16.85375,18.28762,16.17790,17.04969,17.05968,18.08203,17.34138,15.52327,15.69781,17.55557,16.15485,15.21346,15.67546,15.23572,13.23037,16.59533,16.85139,18.20823,13.71829,15.48135,17.10250,18.37996,14.50276,15.81878,21.58504,20.70634,15.00819,18.59815,16.19518,16.44122,17.76597,16.87188,15.51720,16.26099,14.39770
16.87800,25.13604,19.37136,17.23746,25.02884,22.75239,37.99395,17.40332,24.19276,19.61258,18.73626,22.03297,22.70211,27.34509,25.00230,16.81708,19.67339,19.31128,20.17215,25.19567,16.33560,26.54715,24.05430,20.58528,25.17638,17.49785,19.15405,25.39744,20.60531,18.45050,19.62479,20.01199,28.07652,18.36609,22.10579,14.87331,50.36115,22.63243,23.00468,0.00000,23.67600,16.53088,37.82724,15.77638,19.14165,17.12337,19.26888,16.00304,18.95177,17.25667,19.72171,27.83378,14.60652,14.95747,24.33613,15.28966,19.90399,20.91441,14.56290,19.43437,19.16147,21.79477,16.85310,16.16227,19.92064,18.64814,16.93081,19.50922,18.41684,17.39173,18.90312,18.84241,19.09539,18.05112,17.47576,18.81174,15.93434,17.98750,16.61011,16.26114,15.25890,18.51453,16.25922,18.09918,14.93558,17.10465,15.99637,18.13854,14.45455,18.02413,21.87277,22.52852,15.21028,20.64625,17.07773,16.97219,17.05950,17.60447,16.81992,18.10804
16.80924,22.89746,22.94527,16.78761,23.53099,22.44465,36.12980,18.42978,22.76075,20.21595,18.80435,22.29986,21.88837,20.46282,21.28348,22.75043,13.82834,16.66953,21.48279,25.06498,19.84195,18.30220,16.65853,29.35846,17.96406,28.97697,21.91875,15.56910,26.40902,17.41171,19.59873,20.20078,21.47156,20.28675,19.58570,21.41591,20.09026,33.08760,15.44891,23.67600,0.00000,31.02004,16.07472,48.57453,18.99116,20.22828,19.27166,22.20889,19.10040,19.94896,21.13167,26.36485,34.40695,19.64246,16.71523,31.48026,19.20125,21.54056,25.15103,18.14281,20.28690,19.89286,22.48570,21.49427,17.93052,26.08051,20.70034,22.85375,20.37019,20.17074,21.62947,23.10273,21.46114,20.52848,18.81311,19.43417,21.29888,17.67567,19.18741,18.94986,21.17805,15.28974,18.53990,17.28721,17.36658,18.42181,19.19864,17.81984,17.39244,16.06695,21.19566,29.55417,25.70527,17.91342,22.44445,21.42502,21.31742,18.73044,19.54812,18.82044
17.23811,19.12711,22.42381,16.64311,21.93788,22.18364,34.82276,17.22542,25.95821,19.97705,20.04374,22.12259,21.43869,30.88143,21.04913,19.79357,21.85078,16.14093,17.98082,26.02118,18.68055,20.09192,17.00827,19.53965,22.27469,16.34206,21.31823,17.30469,15.28341,23.76765,21.57512,21.97999,30.32724,15.33050,22.18076,18.18442,21.68720,18.42244,35.96085,16.53088,31.02004,0.00000,25.42925,15.93272,43.62838,17.40586,19.93907,18.54763,20.44888,15.58775,18.69988,19.80446,21.80702,30.93638,15.89730,15.75502,27.60298,16.39621,20.50400,21.11933,17.45359,19.19755,20.62303,20.85549,18.19029,15.84404,22.20832,18.80318,19.97229,19.73201,18.62352,18.08552,20.90442,19.37793,20.86711,19.21904,19.09239,19.23117,16.90205,18.36888,18.26045,18.73918,14.95479,20.64029,16.34407,18.17574,17.71438,17.01264,15.86442,17.40858,15.28830,18.98594,25.44593,22.63658,15.86347,20.34257,18.87886,18.79066,18.40001,18.29571
17.12991,21.87635,21.42334,16.11715,26.67764,18.80426,32.60687,17.04222,25.67324,17.64388,19.57624,23.23727,22.60266,25.81091,21.24503,19.21151,17.39368,18.72224,14.85056,20.84432,21.51543,19.11636,25.21749,19.07867,20.99961,23.14829,21.11751,24.37087,14.21661,16.54099,30.78287,27.51727,22.92495,19.66025,14.80086,20.94998,21.39972,25.29543,13.72285,37.82724,16.07472,25.42925,0.00000,27.46115,18.34553,44.45081,18.20805,19.76610,19.59784,21.42042,18.31071,20.60998,20.78658,24.10348,32.39143,16.56984,16.66442,28.55203,17.75426,21.18247,23.17418,17.28518,21.01865,20.85721,22.51518,20.44155,17.42450,24.99982,21.28164,21.36598,21.09364,20.97558,21.42709,22.45015,21.24455,21.31248,20.28834,20.31569,21.21199,18.14983,19.42487,18.77786,18.33462,17.29531,20.02049,18.44326,19.90207,17.65234,19.01298,17.93385,19.77743,16.44748,20.86568,26.95672,25.33966,17.20906,22.42460,20.58055,20.34306,19.41618
16.29298,27.27249,17.56945,14.87588,24.52326,21.62859,30.36252,17.41603,23.61833,15.93352,19.14682,22.13022,23.75029,21.97988,21.29464,19.99182,19.47122,17.55718,20.88204,18.91430,20.67175,24.08325,23.67969,28.86785,16.27888,21.02471,29.03575,16.80012,22.11804,18.71978,15.70077,34.04979,20.73984,18.69483,21.36016,14.48391,22.33193,22.33770,15.91414,15.77638,48.57453,15.93272,27.46115,0.00000,26.06086,18.66685,39.46637,18.07364,18.84998,18.45711,22.02794,18.44198,20.35038,20.08261,23.74961,30.04575,16.28932,17.46662,25.59505,21.05899,21.35328,22.67834,16.21364,19.81219,19.72282,21.81122,20.28855,18.24143,26.11707,21.38448,20.86468,20.21075,20.13285,22.28253,22.23435,21.75764,20.19630,19.54208,18.87921,21.73168,18.52733,18.38618,18.61647,17.23342,18.65672,19.05751,19.05224,21.10724,17.85256,19.13365,18.50373,20.81606,18.61240,20.57394,24.29160,24.28739,18.41532,22.94347,22.32366,21.35656
17.54578,20.98127,24.14963,14.55812,18.21940,20.12458,35.04532,15.41964,22.35954,16.70462,17.96535,22.73544,23.12565,24.23840,20.79024,19.59238,19.22716,16.75013,18.35905,23.77633,17.08779,21.61979,24.45843,28.26400,21.83218,17.03055,19.49965,22.15215,18.64211,18.74328,15.38683,17.94680,21.49585,20.42156,16.75601,20.37995,17.99253,24.67632,14.68744,19.14165,18.99116,43.62838,18.34553,26.06086,0.00000,16.67805,19.30230,26.78306,14.40870,21.82515,18.90357,20.49970,14.86506,21.91185,16.70995,16.16235,18.71695,15.92779,17.64449,15.89234,16.45849,21.63585,14.75509,14.72541,22.45109,21.79339,22.86575,13.88491,16.39752,15.30140,19.27510,15.78922,22.11453,19.13822,17.14011,18.62617,18.71402,21.04523,21.98465,19.15721,18.54223,17.24733,20.63212,18.84942,14.39962,19.60341,22.41684,17.92870,22.63674,15.24142,16.97435,18.03124,21.83272,19.57385,18.28091,15.35494,18.10128,18.63816,22.38593,15.76677
16.42508,25.32816,19.70346,17.54415,23.89555,21.21088,32.14296,17.58223,21.07794,18.67598,17.55517,21.64570,21.26356,24.45972,22.35166,18.68117,17.63293,19.59783,17.87800,21.55649,24.65217,19.56359,15.92554,29.11561,21.76824,21.09017,19.63482,18.98982,19.32205,18.76886,27.34059,18.07815,22.37172,28.15757,18.16924,15.63291,22.12484,18.30656,18.29384,17.12337,20.22828,17.40586,44.45081,18.66685,16.67805,0.00000,18.30120,18.64874,29.93476,16.07245,22.73310,20.57647,21.88708,14.60102,21.22762,17.33824,16.53685,21.40331,14.92529,18.33504,18.89886,17.01587,24.41855,16.52537,15.74711,23.91860,23.99871,24.06289,14.82111,16.20881,17.25592,19.48015,16.83688,22.17000,18.39443,17.62776,20.09501,19.60823,21.37894,22.63586,20.69732,18.78220,18.74691,21.03264,19.53588,15.89959,20.02335,22.23605,18.26667,22.94893,16.17982,17.27084,18.06913,22.19601,19.60992,18.70501,17.24785,19.87743,18.75933,22.53664
17.05715,19.10701,21.05464,16.36418,28.98936,17.69245,28.07640,17.47632,23.86171,16.46664,19.61831,21.22453,20.93512,28.82713,21.14387,20.83199,17.48549,17.41531,21.32983,22.92744,19.91111,28.81884,18.45179,16.90992,23.90121,21.46235,27.70168,16.38649,20.44019,24.12019,16.14276,30.43593,24.42773,16.14577,23.99703,15.95187,23.05889,24.82774,15.63777,19.26888,19.27166,19.93907,18.20805,39.46637,19.30230,18.30120,0.00000,29.08131,21.00924,47.10007,18.85928,23.19048,21.89621,24.18472,18.93381,23.36001,22.81759,24.57471,34.87617,19.00721,19.44425,30.76668,19.48201,25.39728,24.71364,19.54788,23.98675,23.13835,26.06143,22.84969,19.13511,25.88848,23.13208,22.74879,23.37514,22.69785,23.21656,24.29295,24.06186,23.88130,22.84919,22.37842,22.95932,20.17653,22.12728,20.95487,20.79574,19.22332,23.04562,20.79622,24.08237,19.79493,20.19816,19.40944,23.75935,19.56268,22.69636,28.96768,26.90765,20.21540
17.48353,20.60317,20.07370,18.81863,23.54370,22.78856,28.91491,18.14071,22.62548,16.67918,16.99585,22.44347,20.15642,29.30517,22.80099,20.36323,20.05210,18.25234,18.03517,24.57087,20.79672,22.85357,16.44891,20.66220,18.62236,21.81707,27.66771,22.09631,14.92074,19.19333,21.07518,21.70574,18.51374,15.22816,16.35122,23.40486,24.84596,19.73463,16.77492,16.00304,22.20889,18.54763,19.76610,18.07364,26.78306,18.64874,29.08131,0.00000,22.78363,16.29614,37.70117,15.30647,18.50661,16.26099,18.67179,16.27358,17.69930,17.50067,20.50901,28.10510,15.02891,15.01903,24.01006,16.01115,18.67132,20.78472,15.64071,18.83321,19.22574,19.67187,19.51719,15.74850,22.33866,17.61081,18.48426,17.65907,17.95959,18.47607,19.53636,18.82216,18.41170,17.41807,16.08711,17.87626,16.12736,16.90024,17.26361,15.86509,14.89348,17.67362,17.22574,17.93431,15.93097,15.68382,16.27163,18.31737,15.52207,17.37005,23.03843,22.58669
17.14106,21.64335,20.30042,14.59110,26.79249,19.78005,39.05050,13.66473,19.01567,16.89045,16.96830,18.89215,22.81943,26.59174,20.63401,19.79342,19.60473,17.24527,17.33549,21.56939,19.93544,21.69467,20.07963,17.60770,17.66481,19.41497,30.53560,22.69196,19.37405,17.34142,21.50626,22.62721,23.95377,24.30168,17.52677,14.77483,36.80266,18.65012,16.21309,18.95177,19.10040,20.44888,19.59784,18.84998,14.40870,29.93476,21.00924,22.78363,0.00000,23.78261,25.14224,35.21270,19.75129,27.86877,24.14697,24.89038,20.36209,27.07035,22.85412,22.63203,27.16264,18.71504,20.61365,22.63645,22.07533,28.67954,20.60062,20.10985,28.37804,27.50996,29.38528,19.41907,22.21246,22.33298,25.45722,21.47220,27.98408,24.55747,22.22378,23.97723,23.08300,25.61129,26.14574,23.45637,26.02794,22.91797,24.08979,23.27100,18.75322,23.07323,26.51483,23.97597,27.09169,19.95226,22.18222,21.64028,26.87501,21.94181,24.78400,22.47779
16.49441,25.82365,19.15664,15.60958,20.48504,22.36782,29.45568,17.99984,19.63570,16.83128,16.46599,20.82096,20.18331,26.43184,20.33358,20.19263,19.25010,18.48095,19.20181,22.75993,19.62888,21.40556,16.28550,25.22617,21.55418,16.46615,17.88881,22.14475,19.32394,25.37730,16.74556,25.68623,31.89798,15.25978,20.57244,16.93042,20.22516,24.45595,19.51637,17.25667,19.94896,15.58775,21.42042,18.45711,21.82515,16.07245,47.10007,16.29614,23.78261,0.00000,18.96359,24.31178,30.75079,22.29785,29.94622,28.59859,27.78687,19.67010,29.82234,23.73678,19.84551,20.60763,22.66164,21.76548,19.21952,22.00153,30.85065,19.46013,21.54939,29.59358,29.27773,31.14973,16.39668,21.62823,18.72021,26.54767,21.38312,29.89325,24.94346,20.41187,26.16999,22.78511,29.75214,29.24354,27.51738,26.28124,23.90156,27.13464,25.10963,21.93718,23.20990,31.03817,23.09298,25.61249,22.31886,23.65111,21.70513,26.59377,24.16433,27.21401
18.48426,22.14280,20.62515,16.85709,20.95859,18.99371,31.90182,14.22555,26.31609,14.31480,17.47107,19.35291,19.42901,24.30651,21.84153,19.19420,18.69210,18.03997,20.21636,24.15657,20.48690,20.25643,24.72029,19.26266,20.84487,22.36173,21.09379,19.47531,20.68508,24.18272,19.44800,17.63067,19.64404,20.93644,16.57047,19.35586,17.42851,18.03590,25.86381,19.72171,21.13167,18.69988,18.31071,22.02794,18.90357,22.73310,18.85928,37.70117,25.14224,18.96359,0.00000,27.60797,17.44393,49.09595,17.71895,22.90099,21.44351,22.59921,16.38434,21.77172,19.92399,22.58178,34.55328,18.66693,17.09528,30.20154,17.88279,23.84278,22.14257,17.16487,23.21473,23.43294,25.51426,18.50673,17.31866,23.62508,20.88520,19.55857,23.06985,19.46118,19.79473,22.99484,21.61319,23.04237,22.37647,21.08432,20.55073,18.25506,21.07646,19.42811,20.00675,17.07127,23.07092,17.98009,20.02871,17.74232,18.85897,18.09287,21.04282,17.59019
23.60694,23.63818,18.62739,19.01728,21.82433,20.65741,28.00844,15.16922,20.15173,16.41716,14.85299,20.29109,18.97667,26.95763,19.18019,19.47332,18.72494,17.21064,19.97604,23.72265,21.05174,24.63011,19.28491,28.64161,19.31287,19.10808,18.94542,16.25713,16.66280,26.02066,20.47911,19.84639,21.72810,19.56575,23.00463,15.85123,32.32735,19.40194,13.35068,27.83378,26.36485,19.80446,20.60998,18.44198,20.49970,20.57647,23.19048,15.30647,35.21270,24.31178,27.60797,0.00000,24.90210,15.32447,40.28104,15.37211,16.82316,16.56730,19.88494,15.00220,16.47761,17.73759,22.16457,30.14041,14.92134,14.89805,25.76417,15.36963,17.74218,20.05711,14.53171,17.43063,17.96998,19.67485,19.03483,15.91030,22.59069,17.84581,17.91279,17.81730,17.05744,18.58619,19.33261,20.38292,17.24235,15.99955,16.90837,17.62305,16.14414,16.29072,16.35854,16.23681,15.02854,16.54170,15.59067,18.87542,15.31930,16.71443,16.11458,18.38558
25.21923,21.67801,21.62668,13.90727,27.49823,19.59094,28.89611,16.58083,23.73965,17.25685,18.59648,18.40057,19.35477,24.55666,20.29838,17.42436,17.95475,16.60973,19.68487,23.93045,20.25026,22.43981,17.34091,23.07855,22.17803,20.66574,24.75632,21.26516,16.19209,16.20016,21.30517,20.19908,30.87353,15.63889,17.09736,21.70990,18.29974,20.35502,14.18912,14.60652,34.40695,21.80702,20.78658,20.35038,14.86506,21.88708,21.89621,18.50661,19.75129,30.75079,17.44393,24.90210,0.00000,28.01341,19.07808,42.59762,17.22752,18.20884,17.22134,23.38191,20.13396,19.80539,20.95428,25.80538,32.33336,16.46743,16.88910,26.74494,21.18600,21.25777,23.86254,16.69880,19.78451,18.84503,22.42408,19.34545,19.33162,26.40103,22.74948,20.81173,20.25172,20.84101,22.10544,21.97343,21.74319,19.36255,17.90849,18.07450,22.57022,19.25726,17.36325,18.06895,17.75987,17.54120,18.81682,19.61771,19.87853,17.12693,18.96010,19.39181
15.98543,24.10468,26.20396,16.79586,22.87572,22.46307,25.93272,16.85449,19.24667,17.47464,16.88770,21.78571,17.87426,20.01059,19.42573,19.52312,15.91436,18.14263,18.43021,23.61535,19.16231,24.05736,18.42417,20.54398,20.32808,20.92492,20.42225,19.33981,21.18980,18.47370,18.56548,23.69297,31.31042,20.21888,15.10795,17.27992,22.72809,18.67127,21.23392,14.95747,19.64246,30.93638,24.10348,20.08261,21.91185,14.60102,24.18472,16.26099,27.86877,22.29785,49.09595,15.32447,28.01341,0.00000,22.69991,17.24977,36.11084,14.91673,18.68962,16.14714,19.56902,16.62227,19.55271,17.38836,19.43794,26.50975,14.27487,15.21680,21.50572,17.18964,19.72006,19.85485,14.37648,19.81617,19.33218,20.24151,17.52826,16.57433,21.65506,19.06208,17.27684,19.80793,18.71848,18.67943,18.68980,18.40054,19.18751,16.64908,16.92572,19.16261,17.47680,16.13198,17.04156,15.01499,15.30978,18.32974,17.87601,19.53362,15.91408,16.36530
20.96668,22.17389,25.78590,21.37293,24.34755,18.15117,33.65106,14.84715,20.57268,16.33342,18.14588,19.15200,20.52555,23.65544,18.79776,17.79401,18.24546,16.23677,18.09951,24.09955,18.20229,19.89052,19.16549,23.77034,19.07796,19.39065,28.21639,18.83370,19.38303,17.64376,15.48114,21.99903,32.64842,20.16983,22.61756,14.91813,23.73924,25.67194,17.46788,24.33613,16.71523,15.89730,32.39143,23.74961,16.70995,21.22762,18.93381,18.67179,24.14697,29.94622,17.71895,40.28104,19.07808,22.69991,0.00000,23.86555,17.09463,40.16996,17.21745,21.58327,18.82616,20.42300,15.47541,19.74850,19.18060,20.31214,29.24936,16.13520,15.75411,24.03937,15.88828,21.07225,20.15759,16.61768,20.81292,21.24915,22.27303,18.14328,16.10455,20.80492,19.36373,18.50803,20.53397,18.90310,18.46169,19.94884,19.86128,20.70641,19.23764,19.13669,19.61552,16.68782,18.32042,17.91497,17.68305,15.61830,20.92903,16.60989,19.15998,16.82432
21.39252,26.21038,19.53609,21.73226,17.49208,22.72568,30.57049,15.07275,19.02329,16.68273,15.91175,22.31537,18.70257,29.85830,19.95133,17.99258,17.36539,16.77286,17.23221,23.32280,18.67139,17.88498,22.60922,23.16107,19.93495,18.70332,24.85012,21.95117,17.59725,20.79219,21.97212,20.27599,17.78783,20.95414,22.18381,22.25323,18.75445,19.09510,18.28438,15.28966,31.48026,15.75502,16.56984,30.04575,16.16235,17.33824,23.36001,16.27358,24.89038,28.59859,22.90099,15.37211,42.59762,17.24977,23.86555,0.00000,22.17373,15.34718,39.58602,17.55634,20.64793,19.24632,19.78706,13.33002,18.99559,17.66457,19.04903,26.05254,15.77344,14.36985,23.67105,15.08490,19.97800,18.71462,16.28859,19.40933,20.81552,20.52806,15.88566,14.99759,18.97785,17.70338,17.45235,19.04712,17.18528,15.63978,19.52075,17.60116,20.05657,18.88622,18.74408,18.45879,16.28683,18.33703,17.64066,17.80511,15.44465,19.27360,15.12192,17.49662
20.90483,20.15092,24.20567,14.75008,22.75359,29.50355,35.59232,14.18434,24.19542,16.61777,17.14152,18.45554,21.61935,24.50695,21.16744,15.59334,17.12030,16.27587,18.79246,19.87975,20.19601,18.69853,23.44728,27.55735,21.34062,22.27195,20.91868,18.90515,18.79147,17.71277,18.44084,28.48761,23.72716,17.70366,23.11399,22.00141,22.88102,17.74283,18.56219,19.90399,19.20125,27.60298,16.66442,16.28932,18.71695,16.53685,22.81759,17.69930,20.36209,27.78687,21.44351,16.82316,17.22752,36.11084,17.09463,22.17373,0.00000,27.98872,19.01043,39.90010,16.96227,18.38966,18.07916,23.65489,19.10903,19.82634,20.23387,24.68195,31.52488,16.92013,17.22897,26.38867,20.48281,21.20507,24.79556,16.28737,20.13776,19.47072,22.38215,20.84595,19.13717,26.82264,21.48916,20.93740,20.29659,20.13084,23.07192,22.07015,24.04419,19.16660,18.00020,18.34823,22.39296,19.28090,17.83464,18.19489,18.45152,17.58988,18.05661,20.26061
18.12118,19.02138,20.40562,18.71884,22.86113,27.10683,24.79003,18.22077,20.39385,17.00454,17.42997,19.27324,19.24552,28.19923,18.59599,19.64252,15.58803,14.34187,17.83878,23.08741,16.86382,22.81203,20.42357,27.50375,21.09349,20.74592,23.98822,18.58454,18.52395,24.61428,19.41572,22.82572,19.11193,15.89313,14.32859,22.56283,21.53505,25.33989,13.35368,20.91441,21.54056,16.39621,28.55203,17.46662,15.92779,21.40331,24.57471,17.50067,27.07035,19.67010,22.59921,16.56730,18.20884,14.91673,40.16996,15.34718,27.98872,0.00000,24.32351,17.51367,38.90526,15.05870,18.74497,16.66778,19.89717,18.17353,18.08766,17.35853,21.53556,27.97917,15.01171,15.67080,23.83611,18.19285,19.65262,21.92059,15.16870,19.26346,18.45795,20.66417,18.55996,16.62624,22.49667,18.57278,18.41153,19.22324,18.54826,19.91539,19.74296,20.27500,18.20607,17.25538,16.53950,19.03847,17.39365,16.18819,17.57867,15.71246,15.03686,17.51067
17.62340,24.30842,18.62566,17.43490,27.39905,18.79070,27.73268,24.08113,22.51161,15.35032,18.60266,18.77610,20.32713,21.72478,22.90065,17.10286,18.40071,15.91595,16.35592,21.66524,17.80113,19.50156,19.75205,25.64034,20.09766,20.36016,22.27721,20.80329,18.80423,21.59583,19.73355,22.53899,27.75701,20.74191,15.11943,14.97865,25.05613,25.88227,18.18140,14.56290,25.15103,20.50400,17.75426,25.59505,17.64449,14.92529,34.87617,20.50901,22.85412,29.82234,16.38434,19.88494,17.22134,18.68962,17.21745,39.58602,19.01043,24.32351,0.00000,31.02053,17.21385,50.91128,19.73314,20.88785,20.06399,23.94430,18.84677,20.92688,23.39446,26.68593,35.97085,18.69804,17.17778,32.95178,19.86516,22.68125,26.20388,18.89279,20.96220,21.35692,23.95031,20.86366,18.76938,27.03539,22.06686,23.81351,21.64344,20.82407,22.28145,23.82342,22.18208,21.74235,20.07238,20.85710,22.60593,18.85090,19.99730,19.47543,22.19804,15.92501
16.22021,24.58784,21.08926,17.21412,18.40395,24.38702,28.35566,20.51241,23.58547,16.92957,15.29516,22.08064,19.49050,24.27428,18.87746,18.80018,16.07358,17.16980,16.63523,20.41130,17.46082,17.76731,19.20035,24.26687,18.90744,19.60914,27.65592,21.13945,18.88700,19.25681,18.24823,21.35680,21.23485,19.42029,16.57765,16.05084,21.28502,26.73907,17.35747,19.43437,18.14281,21.11933,21.18247,21.05899,15.89234,18.33504,19.00721,28.10510,22.63203,23.73678,21.77172,15.00220,23.38191,16.14714,21.58327,17.55634,39.90010,17.51367,31.02053,0.00000,24.17323,14.40909,39.34432,15.12077,17.44075,14.93184,18.79679,14.06874,16.37946,17.70039,20.63521,29.02143,14.97032,14.43906,24.96951,14.82036,17.66974,19.70306,14.29912,17.71087,16.87133,19.36024,17.76029,16.00473,22.08190,17.56993,17.88918,17.23582,16.71812,18.22564,18.61602,19.40548,17.33092,16.54178,15.74665,17.88143,15.08996,16.13704,15.95601,15.49621
16.32346,22.39519,21.88332,18.22844,16.75334,21.08065,35.68284,14.61539,23.54237,23.34109,17.93442,18.80841,22.21491,22.62748,18.49507,17.02124,17.41166,17.45144,20.07755,19.54677,17.09388,18.96912,21.92480,22.46586,20.33641,19.79426,27.17400,21.60529,18.30777,19.48224,18.48249,21.47594,31.24015,17.78831,18.75350,15.85255,17.84548,16.85579,19.58832,19.16147,20.28690,17.45359,23.17418,21.35328,16.45849,18.89886,19.44425,15.02891,27.16264,19.84551,19.92399,16.47761,20.13396,19.56902,18.82616,20.64793,16.96227,38.90526,17.21385,24.17323,0.00000,21.25653,16.48112,38.91214,17.70183,21.85046,21.21943,20.38292,14.70467,20.74091,18.14425,17.96105,25.87467,17.11439,16.59401,23.85277,15.92072,22.19588,17.74332,16.68891,21.49307,21.68552,23.04796,16.55790,16.28403,17.83475,18.13973,18.54942,21.25932,18.18401,16.04394,20.35094,17.74065,23.07749,20.59100,19.78584,18.98056,16.49874,20.32900,18.83081
16.09241,24.46105,21.80656,16.82096,26.69657,22.04146,23.10576,19.63080,19.79349,23.19187,24.52158,21.38903,18.67660,29.53701,18.02123,19.06155,16.27365,19.24844,17.21571,24.31797,15.27398,19.05445,19.69538,26.14946,18.91463,20.15963,24.88615,21.42385,18.88716,20.78609,20.29414,24.52399,25.88116,20.29307,17.00148,18.32382,27.46600,19.41804,16.25065,21.79477,19.89286,19.19755,17.28518,22.67834,21.63585,17.01587,30.76668,15.01903,18.71504,20.60763,22.58178,17.73759,19.80539,16.62227,20.42300,19.24632,18.38966,15.05870,50.91128,14.40909,21.25653,0.00000,25.14175,16.14551,42.05134,17.24883,19.95772,18.00612,20.57611,15.84103,18.69457,19.55108,22.09546,30.05462,16.57365,16.99194,27.42508,16.58002,20.65201,21.89728,17.34306,20.34232,19.94633,20.87239,19.27422,14.91924,23.25874,18.73377,20.73023,19.72713,19.03096,19.30756,21.17136,19.93359,20.58202,18.40566,19.36292,19.36201,17.96376,18.90945
14.40352,19.03399,22.50126,15.12549,24.41503,23.15263,19.01809,17.95102,25.28524,15.54081,23.25761,27.11217,21.98862,24.72840,24.26797,17.21540,16.83348,14.33881,19.55106,21.25700,18.32590,17.42569,15.52965,23.56399,20.20158,17.81522,25.07973,20.86716,18.16699,22.74870,19.12862,24.40695,21.31905,19.15952,21.75460,14.62140,22.28555,18.65861,15.98675,16.85310,22.48570,20.62303,21.01865,16.21364,14.75509,24.41855,19.48201,24.01006,20.61365,22.66164,34.55328,22.16457,20.95428,19.55271,15.47541,19.78706,18.07916,18.74497,19.73314,39.34432,16.48112,25.14175,0.00000,28.53704,16.18013,47.03085,18.58993,20.51124,18.61310,22.20088,17.35740,19.56693,21.15867,24.92547,33.36204,18.68418,16.31662,29.83582,17.45037,21.25485,23.10826,18.33046,20.64802,20.22146,21.42798,21.32524,17.36197,24.91030,20.61123,22.49121,19.88607,20.46990,20.63288,22.64870,20.65108,20.86197,19.75774,20.32603,20.40927,17.82790
20.86518,19.79579,19.32359,16.26050,23.06245,21.99531,31.08176,17.71020,18.74975,20.72921,15.68982,26.19522,29.17933,26.47473,19.99640,18.74997,15.51640,16.19994,15.57722,23.56878,17.13742,18.33491,19.90550,18.76982,18.32233,19.48822,22.98582,19.05236,17.68232,23.11653,20.32386,24.33637,24.32290,16.88356,18.45981,21.99803,22.81895,23.73232,20.15560,16.16227,21.49427,20.85549,20.85721,19.81219,14.72541,16.52537,25.39728,16.01115,22.63645,21.76548,18.66693,30.14041,25.80538,17.38836,19.74850,13.33002,23.65489,16.66778,20.88785,15.12077,38.91214,16.14551,28.53704,0.00000,25.78377,16.63911,40.17064,15.95410,18.89076,17.85410,19.42323,17.08951,18.58623,18.63452,21.57211,29.66625,15.59815,15.84256,26.00532,17.24138,20.02182,21.67158,15.68453,19.40367,19.57335,21.23501,17.74782,15.41778,22.66329,18.73629,18.59340,20.07890,18.37564,18.76517,20.62469,18.88584,19.39456,18.45701,18.44947,19.29186
18.05658,19.73014,17.04002,14.42849,26.66661,20.20489,32.33722,16.08411,17.17207,20.06194,20.05301,17.77836,27.86268,17.78486,20.64653,16.18467,17.23470,16.70786,17.13941,19.53887,18.32012,20.53205,23.10057,21.49159,16.40723,19.08357,25.89016,17.51355,19.45109,20.24596,18.70371,20.39844,23.79652,19.71693,16.90959,17.49079,22.68946,18.59096,17.18249,19.92064,17.93052,18.19029,22.51518,19.72282,22.45109,15.74711,24.71364,18.67132,22.07533,19.21952,17.09528,14.92134,32.33336,19.43794,19.18060,18.99559,19.10903,19.89717,20.06399,17.44075,17.70183,42.05134,16.18013,25.78377,0.00000,27.48233,18.77230,44.49653,18.46032,22.24032,20.76321,23.40910,17.06586,22.18301,20.64797,22.67551,32.73943,17.43330,17.39575,27.71112,18.69831,24.36603,23.48002,17.55520,23.06095,22.58547,25.33097,18.82012,18.78325,22.76738,22.23590,19.52147,23.31855,21.02498,19.69959,22.28567,21.10264,23.08527,21.06571,21.04093
19.79241,26.63640,23.33933,14.84163,19.85669,20.85808,31.21415,15.78243,23.57757,18.64979,18.97777,24.20944,18.26914,23.48523,25.86723,19.44806,14.41314,19.47904,16.70466,20.38216,16.86019,18.18347,19.40819,27.69579,17.54655,19.16448,23.66853,20.52721,17.95357,21.30553,19.07578,19.61123,28.49015,17.68459,19.93594,16.82043,21.36160,24.44075,16.85375,18.64814,26.08051,15.84404,20.44155,21.81122,21.79339,23.91860,19.54788,20.78472,28.67954,22.00153,30.20154,14.89805,16.46743,26.50975,20.31214,17.66457,19.82634,18.17353,23.94430,14.93184,21.85046,17.24883,47.03085,16.63911,27.48233,0.00000,27.69030,16.66176,47.06255,18.37549,20.81255,19.35735,22.14679,16.53646,21.34568,20.87113,23.73187,34.10557,17.89016,16.72270,30.23147,16.72554,23.31199,23.60940,17.51959,21.46911,21.18195,23.29476,19.69708,16.70933,23.47881,20.72858,21.50991,22.15666,20.85219,20.11660,23.05899,20.28802,21.10581,20.25432
17.99968,18.44031,23.02640,18.57148,22.39289,19.50365,37.56931,17.29527,23.76520,18.11097,19.65088,21.20065,23.37736,23.35793,22.69535,25.92906,18.19208,15.07945,18.87207,19.56123,17.73424,18.13885,23.96321,21.81672,21.19638,16.63374,19.78968,19.81351,16.49824,20.55180,19.21381,20.56841,29.08927,20.20097,18.17493,17.84670,20.83128,23.15474,18.28762,16.93081,20.70034,22.20832,17.42450,20.28855,22.86575,23.99871,23.98675,15.64071,20.60062,30.85065,17.88279,25.76417,16.88910,14.27487,29.24936,19.04903,20.23387,18.08766,18.84677,18.79679,21.21943,19.95772,18.58993,40.17064,18.77230,27.69030,0.00000,30.43865,16.38439,48.67719,18.96459,20.05529,19.36149,23.29496,18.69793,20.61461,22.47510,26.12823,35.14608,18.48837,17.26928,32.06269,17.81472,22.05990,25.34572,18.54627,20.68637,20.42760,23.11190,21.50758,17.87285,26.58961,21.26780,23.80284,21.12487,21.06939,22.04464,23.76951,22.21917,20.63536
15.65240,17.50758,19.07118,17.13075,19.16671,17.45494,27.87442,16.62016,21.49588,16.72243,18.69712,20.04801,23.83940,28.90871,19.29349,24.32731,24.72800,16.75494,16.26715,24.11009,18.27876,19.30681,16.74198,25.52506,18.85506,20.35147,21.50744,16.32795,17.03499,21.75572,16.78222,22.41463,27.00331,19.26408,20.99616,20.18868,24.25575,18.52690,16.17790,19.50922,22.85375,18.80318,24.99982,18.24143,13.88491,24.06289,23.13835,18.83321,20.10985,19.46013,23.84278,15.36963,26.74494,15.21680,16.13520,26.05254,24.68195,17.35853,20.92688,14.06874,20.38292,18.00612,20.51124,15.95410,44.49653,16.66176,30.43865,0.00000,30.03735,17.51303,50.25172,20.55590,21.66051,21.89663,24.13209,18.79665,22.44169,22.99385,26.30574,35.46176,20.21797,17.19523,32.10162,20.03386,23.59161,24.44962,19.80143,22.34857,22.65825,24.79147,21.44718,18.19147,27.09984,21.86363,23.54972,23.18019,20.58485,20.82328,24.23807,22.63477
26.26466,20.31445,18.96415,16.75337,27.34065,24.96364,26.91726,15.02773,24.43549,15.72452,18.20486,21.20895,23.56539,16.87043,22.94234,17.10833,23.00844,20.31190,17.95178,20.50997,18.33958,21.61155,17.74114,18.57869,21.49125,17.53775,29.20881,18.36019,15.57326,20.44954,18.52078,19.95828,27.70481,18.48712,22.15034,20.07331,22.12733,21.41082,17.04969,18.41684,20.37019,19.97229,21.28164,26.11707,16.39752,14.82111,26.06143,19.22574,28.37804,21.54939,22.14257,17.74218,21.18600,21.50572,15.75411,15.77344,31.52488,21.53556,23.39446,16.37946,14.70467,20.57611,18.61310,18.89076,18.46032,47.06255,16.38439,30.03735,0.00000,23.03897,20.97910,35.82162,18.00616,23.52770,20.09839,22.13952,17.18088,22.65576,21.22805,21.77271,27.63531,17.22897,18.40285,24.37323,18.10275,24.02142,20.91569,18.63016,23.93698,23.76554,23.99827,19.24308,18.38381,21.19224,21.24620,20.74644,22.05104,21.42951,20.69578,21.46216
17.96183,22.49161,20.52976,16.57690,17.34726,22.27176,24.35721,13.27963,19.63713,16.09857,16.34528,21.11743,20.91506,14.71282,21.90582,20.84484,16.20913,20.08803,22.86253,22.72547,15.36488,19.25788,19.54214,21.97047,16.76075,19.82036,23.00776,20.92285,14.95184,16.11032,17.75397,18.76569,25.69382,18.28567,20.07008,20.48680,23.85634,20.75548,17.05968,17.39173,20.17074,19.73201,21.36598,21.38448,15.30140,16.20881,22.84969,19.67187,27.50996,29.59358,17.16487,20.05711,21.25777,17.18964,24.03937,14.36985,16.92013,27.97917,26.68593,17.70039,20.74091,15.84103,22.20088,17.85410,22.24032,18.37549,48.67719,17.51303,23.03897,0.00000,25.47450,20.39017,45.26163,19.67843,24.55200,21.67877,24.42173,18.48318,23.59284,22.00010,22.50652,31.26080,18.70935,18.95051,28.78812,18.55542,25.52594,21.92962,19.39732,25.21762,24.22910,25.25699,19.87442,17.65784,22.80345,21.25461,21.93447,24.20267,20.60735,20.12781
15.64711,26.95890,25.10728,15.02802,17.02155,19.66020,37.26629,21.34807,18.56872,15.06516,17.56249,18.73108,21.01023,25.20705,20.65161,18.78449,19.68907,15.48601,22.87384,25.97702,18.82291,16.89693,22.69538,21.05366,18.06277,17.41475,25.84331,18.85093,18.34272,19.76245,17.92072,19.24435,27.56334,16.31868,19.45344,18.76772,22.08342,24.64698,18.08203,18.90312,21.62947,18.62352,21.09364,20.86468,19.27510,17.25592,19.13511,19.51719,29.38528,29.27773,23.21473,14.53171,23.86254,19.72006,15.88828,23.67105,17.22897,15.01171,35.97085,20.63521,18.14425,18.69457,17.35740,19.42323,20.76321,20.81255,18.96459,50.25172,20.97910,25.47450,0.00000,20.80006,20.83850,35.50964,16.35413,23.06495,19.34422,21.35374,16.87486,22.64811,17.55236,18.82812,24.85190,15.74078,17.96447,21.43727,17.36051,23.52048,19.36096,15.85511,24.02764,22.12587,24.63374,16.60096,18.16372,18.32409,19.90964,17.51683,22.74984,19.88020
22.54484,22.38886,22.13883,24.13581,20.67309,21.64753,23.23522,17.93426,19.82786,15.13529,16.18490,21.23748,18.79171,26.73044,21.56095,19.02942,18.85144,19.83890,16.32229,25.47275,25.96331,20.41695,19.14618,25.73548,18.77668,18.24986,19.64750,22.04599,17.57190,23.99323,14.75427,18.89643,26.02080,18.64976,18.10891,18.39163,22.68763,24.24270,17.34138,18.84241,23.10273,18.08552,20.97558,20.21075,15.78922,19.48015,25.88848,15.74850,19.41907,31.14973,23.43294,17.43063,16.69880,19.85485,21.07225,15.08490,26.38867,15.67080,18.69804,29.02143,17.96105,19.55108,19.56693,17.08951,23.40910,19.35735,20.05529,20.55590,35.82162,20.39017,20.80006,0.00000,25.94564,18.18076,41.97131,17.08121,21.99624,19.69232,22.33984,17.53483,21.58755,19.59160,21.98790,30.48526,17.65454,17.33315,25.74404,17.91420,22.52926,21.39475,16.66194,22.66481,21.44593,24.65872,19.03396,17.61758,22.12134,21.18007,19.55848,22.51882
16.13812,20.15017,21.15982,18.92507,19.52730,20.05409,25.37333,15.74044,25.37774,20.28466,16.22444,19.14362,19.06514,24.47586,19.70436,19.30288,18.44701,16.41681,20.76258,20.64162,24.35767,27.03594,20.06052,23.26563,22.85810,16.47612,21.55108,17.85627,19.78845,20.79202,20.89614,17.94315,20.25714,16.95793,20.54996,18.34118,22.72224,22.94792,15.52327,19.09539,21.46114,20.90442,21.42709,20.13285,22.11453,16.83688,23.13208,22.33866,22.21246,16.39668,25.51426,17.96998,19.78451,14.37648,20.15759,19.97800,20.48281,23.83611,17.17778,14.97032,25.87467,22.09546,21.15867,18.58623,17.06586,22.14679,19.36149,21.66051,18.00616,45.26163,20.83850,25.94564,0.00000,31.65181,18.30246,48.89579,19.64877,21.58617,20.62391,23.28932,19.25174,21.51658,23.44786,26.67831,36.61351,20.10350,17.23612,31.96993,19.91558,23.29897,25.46426,18.71119,22.96825,20.78826,25.39440,20.99588,18.97897,28.21538,23.26431,23.86534
19.57005,19.67552,21.71694,14.23857,28.09275,30.34306,29.44080,16.67472,16.20891,16.55791,20.93539,16.79586,19.15564,29.48346,19.12505,18.93301,18.37507,15.46269,17.78803,24.85510,16.50693,29.34122,16.73431,24.25728,17.81943,18.69884,20.63936,17.30644,15.87622,25.98487,15.79162,19.61996,25.61457,16.79502,18.96046,19.67991,17.94339,22.59454,15.69781,18.05112,20.52848,19.37793,22.45015,22.28253,19.13822,22.17000,22.74879,17.61081,22.33298,21.62823,18.50673,19.67485,18.84503,19.81617,16.61768,18.71462,21.20507,18.19285,32.95178,14.43906,17.11439,30.05462,24.92547,18.63452,22.18301,16.53646,23.29496,21.89663,23.52770,19.67843,35.50964,18.18076,31.65181,0.00000,21.99452,18.55661,39.87647,17.59835,24.43485,21.48740,22.75277,15.76151,22.56132,18.82092,19.00280,26.64193,17.79150,18.50859,23.44166,17.11258,24.41108,19.03402,16.90274,23.31004,24.62219,25.23271,16.21288,16.69684,18.84766,21.15117
22.80697,22.02850,18.99943,18.61580,23.29324,23.05825,24.45442,16.02375,19.02654,17.54411,19.47937,23.52136,17.20978,24.06584,21.12005,17.96190,17.73858,18.25165,16.63990,21.40189,20.99628,18.59511,19.63863,20.06489,19.99636,17.05807,26.41535,17.94615,16.30423,16.44886,17.49545,20.17879,30.38037,14.46154,16.41831,18.41993,21.03434,20.50235,17.55557,17.47576,18.81311,20.86711,21.24455,22.23435,17.14011,18.39443,23.37514,18.48426,25.45722,18.72021,17.31866,19.03483,22.42408,19.33218,20.81292,16.28859,24.79556,19.65262,19.86516,24.96951,16.59401,16.57365,33.36204,21.57211,20.64797,21.34568,18.69793,24.13209,20.09839,24.55200,16.35413,41.97131,18.30246,21.99452,0.00000,26.42104,19.90405,45.31601,17.13781,22.06933,19.35795,22.57802,17.28406,22.60586,20.21634,22.76509,32.59741,17.56126,17.34873,28.13219,18.13147,23.26170,22.02853,17.65118,22.81310,21.73784,25.19030,19.84245,17.89241,23.15199
17.92644,21.33246,22.00105,16.62554,18.42740,20.02916,36.02600,23.41127,20.19655,17.26741,17.46940,22.37829,24.98033,22.14316,18.55099,18.25480,17.27777,17.68137,19.06959,20.18467,19.98782,24.14631,18.86983,22.94032,23.50421,20.32364,21.66975,21.28847,16.44841,18.31005,17.16482,19.78765,25.96393,20.37276,17.00489,14.04620,19.43239,23.39127,16.15485,18.81174,19.43417,19.21904,21.31248,21.75764,18.62617,17.62776,22.69785,17.65907,21.47220,26.54767,23.62508,15.91030,19.34545,20.24151,21.24915,19.40933,16.28737,21.92059,22.68125,14.82036,23.85277,16.99194,18.68418,29.66625,22.67551,20.87113,20.61461,18.79665,22.13952,21.67877,23.06495,17.08121,48.89579,18.55661,26.42104,0.00000,17.23894,22.26990,31.31079,19.63974,27.63691,23.42067,26.50017,17.26159,27.27461,20.13160,17.84927,21.40687,19.93634,22.01776,19.09126,20.25862,28.63603,18.77340,18.67699,28.05338,28.28130,28.28734,16.64602,18.15379
18.99773,22.87708,25.63445,17.11701,21.57612,22.96457,31.67108,16.19891,23.64754,15.60309,17.87252,20.02675,21.47207,19.59025,17.04312,17.57885,18.06461,15.71000,18.53477,22.78716,20.61870,23.73854,21.99686,22.17852,24.32299,24.90608,23.37225,17.45686,20.38722,20.33533,18.17708,17.85914,29.39347,16.34540,22.23794,18.66819,21.00327,21.07737,15.21346,15.93434,21.29888,19.09239,20.28834,20.19630,18.71402,20.09501,23.21656,17.95959,27.98408,21.38312,20.88520,22.59069,19.33162,17.52826,22.27303,20.81552,20.13776,15.16870,26.20388,17.66974,15.92072,27.42508,16.31662,15.59815,32.73943,23.73187,22.47510,22.44169,17.18088,24.42173,19.34422,21.99624,19.64877,39.87647,19.90405,17.23894,0.00000,23.17030,18.15901,35.70100,15.01708,18.36285,16.97519,18.52900,15.62086,18.03334,15.63036,18.70354,26.57367,14.45659,15.05049,22.49053,15.61145,19.38402,19.34563,13.90525,18.84751,17.69850,20.90525,17.30292
23.26092,23.28186,20.48319,20.51115,23.13878,19.52709,24.11787,17.17676,25.98234,24.92322,16.33683,20.48422,24.18926,28.94096,21.93656,15.21893,15.41874,17.68041,17.05378,22.47314,18.66524,21.98051,15.23228,27.47220,17.12179,23.14273,20.31771,19.26811,15.68078,25.95473,16.00439,20.39217,21.95695,17.49497,18.02461,20.83463,17.98520,17.71381,15.67546,17.98750,17.67567,19.23117,20.31569,19.54208,21.04523,19.60823,24.29295,18.47607,24.55747,29.89325,19.55857,17.84581,26.40103,16.57433,18.14328,20.52806,19.47072,19.26346,18.89279,19.70306,22.19588,16.58002,29.83582,15.84256,17.43330,34.10557,26.12823,22.99385,22.65576,18.48318,21.35374,19.69232,21.58617,17.59835,45.31601,22.26990,23.17030,0.00000,17.09228,18.92378,29.24630,16.22078,24.48043,19.23888,20.56613,14.51144,21.59504,17.19309,16.17217,20.06094,16.40980,17.74701,17.46663,15.04931,23.02125,16.27797,15.30454,23.52271,22.63312,23.57792
21.41349,21.65488,20.61477,16.36644,19.56547,21.12861,26.27121,17.88185,22.09207,17.86414,26.24078,19.69221,22.47193,19.13321,20.79010,22.10109,13.73869,15.82132,18.68971,20.79336,18.60297,21.41550,14.23117,17.40469,22.41084,17.91267,23.11675,21.97565,18.12087,19.47360,17.65501,19.92940,23.13509,17.04222,20.45536,17.85968,22.99014,20.12820,15.23572,16.61011,19.18741,16.90205,21.21199,18.87921,21.98465,21.37894,24.06186,19.53636,22.22378,24.94346,23.06985,17.91279,22.74948,21.65506,16.10455,15.88566,22.38215,18.45795,20.96220,14.29912,17.74332,20.65201,17.45037,26.00532,17.39575,17.89016,35.14608,26.30574,21.22805,23.59284,16.87486,22.33984,20.62391,24.43485,17.13781,31.31079,18.15901,17.09228,0.00000,32.31130,20.37858,51.71122,20.55371,23.26388,21.99948,25.91946,20.89602,24.65986,24.52423,27.71913,37.75388,19.95868,18.55758,33.27190,21.42061,25.35672,27.12574,19.93647,24.36042,23.07685
17.21514,18.91380,24.16591,16.65392,23.51782,26.94814,28.76681,14.55892,18.88012,16.01960,19.50100,29.42986,19.31608,19.23374,22.07962,20.97059,19.33333,16.12140,16.17131,23.20721,16.97395,20.67739,22.86197,15.89109,18.50083,21.52181,21.63169,22.17482,21.07544,20.28663,15.15710,20.89742,23.54075,17.88360,15.74977,23.78123,17.30787,25.18873,13.23037,16.26114,18.94986,18.36888,18.14983,21.73168,19.15721,22.63586,23.88130,18.82216,23.97723,20.41187,19.46118,17.81730,20.81173,19.06208,20.80492,14.99759,20.84595,20.66417,21.35692,17.71087,16.68891,21.89728,21.25485,17.24138,27.71112,16.72270,18.48837,35.46176,21.77271,22.00010,22.64811,17.53483,23.28932,21.48740,22.06933,19.63974,35.70100,18.92378,32.31130,0.00000,30.24722,17.22404,49.24764,21.24025,21.53206,20.41145,23.20937,19.65177,20.97174,23.30026,26.76210,35.54013,19.87684,17.95750,31.30751,20.26766,22.84803,25.87248,20.38145,20.80503
16.35045,26.83050,20.99168,20.52049,22.84043,21.57527,24.65424,17.64249,19.97898,21.53451,15.75276,23.80764,31.17842,23.30880,19.11207,18.30291,19.23865,18.12552,15.51107,19.05657,17.65613,18.59197,21.66230,24.13926,18.03211,19.48955,26.72228,18.30551,21.33197,19.40304,19.56491,18.59258,30.53082,15.41176,16.62848,14.84895,20.33765,20.48629,16.59533,15.25890,21.17805,18.26045,19.42487,18.52733,18.54223,20.69732,22.84919,18.41170,23.08300,26.16999,19.79473,17.05744,20.25172,17.27684,19.36373,18.97785,19.13717,18.55996,23.95031,16.87133,21.49307,17.34306,23.10826,20.02182,18.69831,30.23147,17.26928,20.21797,27.63531,22.50652,17.55236,21.58755,19.25174,22.75277,19.35795,27.63691,15.01708,29.24630,20.37858,30.24722,0.00000,30.77020,18.83974,48.20348,19.57670,20.49092,20.22042,23.62998,19.32077,21.75381,22.62821,25.96321,36.10797,19.74576,17.84350,31.23989,19.77013,23.28450,26.66846,18.90207
20.98377,24.69204,21.43971,19.54366,18.86306,22.21869,32.31870,21.78124,20.58580,16.76999,21.30159,19.08154,22.32634,19.10169,17.77469,18.41270,17.27715,17.66577,18.68624,17.44595,16.45763,16.71589,18.71244,26.92447,20.61135,18.59030,17.82742,21.89607,15.91683,21.68737,24.47271,21.39656,26.51650,18.06960,16.71769,16.96634,19.19446,23.78647,16.85139,18.51453,15.28974,18.73918,18.77786,18.38618,17.24733,18.78220,22.37842,17.41807,25.61129,22.78511,22.99484,18.58619,20.84101,19.80793,18.50803,17.70338,26.82264,16.62624,20.86366,19.36024,21.68552,20.34232,18.33046,21.67158,24.36603,16.72554,32.06269,17.19523,17.22897,31.26080,18.82812,19.59160,21.51658,15.76151,22.57802,23.42067,18.36285,16.22078,51.71122,17.22404,30.77020,0.00000,21.47945,15.20021,37.16294,15.89529,19.78997,18.27121,19.18443,13.63494,17.86424,18.09885,17.56162,25.79562,14.90945,14.63890,22.22677,14.36634,19.18321,18.04800
17.31208,24.58831,19.83060,20.29722,18.30102,28.57075,29.57387,16.85106,22.01137,19.30024,16.67494,22.75880,18.78009,30.55792,27.36332,18.30608,17.48707,16.60137,20.31537,22.90798,16.32300,18.52693,23.25375,23.32300,20.56816,20.04133,15.52573,18.34593,20.89511,19.86249,22.41011,28.43928,26.86844,15.26786,21.44912,17.64533,19.53345,18.57114,18.20823,16.25922,18.53990,14.95479,18.33462,18.61647,20.63212,18.74691,22.95932,16.08711,26.14574,29.75214,21.61319,19.33261,22.10544,18.71848,20.53397,17.45235,21.48916,22.49667,18.76938,17.76029,23.04796,19.94633,20.64802,15.68453,23.48002,23.31199,17.81472,32.10162,18.40285,18.70935,24.85190,21.98790,23.44786,22.56132,17.28406,26.50017,16.97519,24.48043,20.55371,49.24764,18.83974,21.47945,0.00000,19.69541,22.05949,31.82897,17.98580,25.62435,23.72162,23.62765,17.45373,24.88781,19.90957,18.22303,23.35340,17.17589,19.85744,19.24406,19.44223,26.13730
17.30195,20.82755,23.66850,16.63388,30.11925,22.90023,26.07047,17.03594,22.80935,22.52471,17.98732,18.57385,24.90631,24.55699,23.13934,26.60121,16.58108,15.34050,15.19759,24.35276,22.40587,19.81061,17.34513,27.37640,17.56834,19.50830,23.67212,17.69235,17.47181,23.52557,15.82231,27.82151,18.31843,19.01143,18.15559,23.45043,18.76512,19.41760,13.71829,18.09918,17.28721,20.64029,17.29531,17.23342,18.84942,21.03264,20.17653,17.87626,23.45637,29.24354,23.04237,20.38292,21.97343,18.67943,18.90310,19.04712,20.93740,18.57278,27.03539,16.00473,16.55790,20.87239,20.22146,19.40367,17.55520,23.60940,22.05990,20.03386,24.37323,18.95051,15.74078,30.48526,26.67831,18.82092,22.60586,17.26159,18.52900,19.23888,23.26388,21.24025,48.20348,15.20021,19.69541,0.00000,31.55856,18.59830,51.50943,20.36372,22.31437,20.83235,24.31668,19.90334,22.56538,23.61963,27.59226,38.00271,20.21661,18.14528,32.89389,20.35087
16.00624,19.43116,20.26072,19.65665,26.45049,23.10106,21.49324,21.96567,20.55268,17.29925,23.47785,20.09676,20.02106,19.93471,18.15102,20.48192,24.39674,15.33414,16.61810,21.09310,18.74060,24.18022,18.40093,21.58886,20.92201,18.51629,25.26201,21.86011,16.20544,16.30854,19.98734,18.29843,23.64176,22.89502,19.36676,18.82585,20.07676,19.22438,15.48135,14.93558,17.36658,16.34407,20.02049,18.65672,14.39962,19.53588,22.12728,16.12736,26.02794,27.51738,22.37647,17.24235,21.74319,18.68980,18.46169,17.18528,20.29659,18.41153,22.06686,22.08190,16.28403,19.27422,21.42798,19.57335,23.06095,17.51959,25.34572,23.59161,18.10275,28.78812,17.96447,17.65454,36.61351,19.00280,20.21634,27.27461,15.62086,20.56613,21.99948,21.53206,19.57670,37.16294,22.05949,31.55856,0.00000,22.79504,17.31276,38.49236,15.23755,19.27390,17.54623,19.91586,15.17405,19.61741,16.28192,20.48919,27.04411,14.22931,15.13203,22.85143
17.40915,22.21380,18.47577,15.82157,25.29424,20.17259,34.27846,17.81054,21.56244,18.35980,17.06280,26.26506,21.14779,22.94899,22.00156,17.64486,17.87947,22.80582,17.20925,20.64085,18.15246,21.36694,16.03159,19.57578,17.66248,19.75579,24.47850,20.08776,18.71741,15.15251,18.52597,25.42216,24.66126,20.71839,20.13769,17.04922,17.72258,24.09644,17.10250,17.10465,18.42181,18.17574,18.44326,19.05751,19.60341,15.89959,20.95487,16.90024,22.91797,26.28124,21.08432,15.99955,19.36255,18.40054,19.94884,15.63978,20.13084,19.22324,23.81351,17.56993,17.83475,14.91924,21.32524,21.23501,22.58547,21.46911,18.54627,24.44962,24.02142,18.55542,21.43727,17.33315,20.10350,26.64193,22.76509,20.13160,18.03334,14.51144,25.91946,20.41145,20.49092,15.89529,31.82897,18.59830,22.79504,0.00000,20.04264,23.86497,30.96137,24.30720,31.33890,29.20744,30.05531,19.62847,32.18149,26.48478,21.62823,20.14490,23.96146,24.96155
20.15869,22.83301,19.87381,16.04901,21.06344,25.29252,32.68831,15.93745,18.17539,21.75521,18.47589,20.79370,27.83287,21.92235,17.78903,20.59793,16.67523,19.08600,23.96680,19.30365,19.23730,21.93966,22.28934,19.27579,17.24970,17.45981,27.52870,17.67808,17.17316,23.01838,17.72439,23.69587,30.11457,15.74158,18.85110,19.00881,23.02941,20.40016,18.37996,15.99637,19.19864,17.71438,19.90207,19.05224,22.41684,20.02335,20.79574,17.26361,24.08979,23.90156,20.55073,16.90837,17.90849,19.18751,19.86128,19.52075,23.07192,18.54826,21.64344,17.88918,18.13973,23.25874,17.36197,17.74782,25.33097,21.18195,20.68637,19.80143,20.91569,25.52594,17.36051,25.74404,17.23612,17.79150,32.59741,17.84927,15.63036,21.59504,20.89602,23.20937,20.22042,19.78997,17.98580,51.50943,17.31276,20.04264,0.00000,23.21651,15.22495,38.53873,14.92483,17.20600,16.37356,17.79887,15.33324,17.24686,17.20786,20.66747,28.11446,14.20740
25.19868,25.25094,21.53211,14.44767,20.03849,19.97881,33.90852,15.23800,24.53892,21.82888,23.58566,21.29353,20.78159,20.60354,20.96728,17.38649,18.07120,15.41594,20.58986,26.30289,17.66884,20.56991,13.74530,27.44034,21.99395,13.70281,23.74658,20.26582,16.62694,22.53709,18.14716,23.00954,18.57511,19.95434,17.63857,20.24343,30.04159,21.98833,14.50276,18.13854,17.81984,17.01264,17.65234,21.10724,17.92870,22.23605,19.22332,15.86509,23.27100,27.13464,18.25506,17.62305,18.07450,16.64908,20.70641,17.60116,22.07015,19.91539,20.82407,17.23582,18.54942,18.73377,24.91030,15.41778,18.82012,23.29476,20.42760,22.34857,18.63016,21.92962,23.52048,17.91420,31.96993,18.50859,17.56126,21.40687,18.70354,17.19309,24.65986,19.65177,23.62998,18.27121,25.62435,20.36372,38.49236,23.86497,23.21651,0.00000,23.12568,15.06711,40.18430,15.69242,19.65728,17.42392,19.50602,13.43780,18.83964,17.84119,19.42522,26.27453
18.37725,21.17288,21.56506,16.03093,22.57015,18.68367,27.96469,19.36359,22.04888,17.56925,21.79978,26.57955,21.97591,25.16557,23.62151,19.04179,15.15608,18.66491,16.50817,24.11900,27.53737,17.99131,14.55818,17.04774,20.99925,21.04470,19.78444,16.43781,17.56402,19.38969,18.08092,20.84391,16.69197,16.91017,20.39324,17.17773,26.22512,19.52981,15.81878,14.45455,17.39244,15.86442,19.01298,17.85256,22.63674,18.26667,23.04562,14.89348,18.75322,25.10963,21.07646,16.14414,22.57022,16.92572,19.23764,20.05657,24.04419,19.74296,22.28145,16.71812,21.25932,20.73023,20.61123,22.66329,18.78325,19.69708,23.11190,22.65825,23.93698,19.39732,19.36096,22.52926,19.91558,23.44166,17.34873,19.93634,26.57367,16.17217,24.52423,20.97174,19.32077,19.18443,23.72162,22.31437,15.23755,30.96137,15.22495,23.12568,0.00000,21.88742,28.98902,25.21293,27.17875,36.37372,32.91492,34.80473,23.74074,36.24119,29.16773,24.22649
19.40184,26.95393,25.53476,16.88917,22.98898,18.89030,25.32179,16.06408,23.95954,16.15889,20.16064,21.86332,27.62963,24.58722,21.32340,25.23034,18.22893,16.77527,18.44520,20.55947,19.10255,29.33736,17.84989,18.45055,17.78826,20.45446,19.88932,15.99504,16.39469,24.20048,18.49958,20.50661,26.47887,16.38538,15.63908,21.26611,17.89097,21.64941,21.58504,18.02413,16.06695,17.40858,17.93385,19.13365,15.24142,22.94893,20.79622,17.67362,23.07323,21.93718,19.42811,16.29072,19.25726,19.16261,19.13669,18.88622,19.16660,20.27500,23.82342,18.22564,18.18401,19.72713,22.49121,18.73629,22.76738,16.70933,21.50758,24.79147,23.76554,25.21762,15.85511,21.39475,23.29897,17.11258,28.13219,22.01776,14.45659,20.06094,27.71913,23.30026,21.75381,13.63494,23.62765,20.83235,19.27390,24.30720,38.53873,15.06711,21.88742,0.00000,20.43076,22.76922,35.87361,19.65588,27.08751,23.64970,24.50228,17.67554,25.88370,19.77606
15.80767,24.79688,21.67384,22.19635,24.31350,21.41187,31.39579,14.15824,19.57133,20.73066,18.31325,22.82104,23.27469,19.34897,21.00655,17.90249,22.96887,16.54933,16.57271,22.53543,16.91484,19.61293,17.03737,21.61596,18.01559,18.69325,26.49069,19.09604,17.15077,19.47066,18.80781,18.68598,28.01282,18.08141,14.05344,15.85625,23.20704,19.90976,20.70634,21.87277,21.19566,15.28830,19.77743,18.50373,16.97435,16.17982,24.08237,17.22574,26.51483,23.20990,20.00675,16.35854,17.36325,17.47680,19.61552,18.74408,18.00020,18.20607,22.18208,18.61602,16.04394,19.03096,19.88607,18.59340,22.23590,23.47881,17.87285,21.44718,23.99827,24.22910,24.02764,16.66194,25.46426,24.41108,18.13147,19.09126,15.05049,16.40980,37.75388,26.76210,22.62821,17.86424,17.45373,24.31668,17.54623,31.33890,14.92483,40.18430,28.98902,20.43076,0.00000,23.46505,18.80185,42.80916,18.08649,22.69136,21.10654,22.76587,15.78454,22.17474
15.01213,22.60515,22.65510,17.49987,17.19762,22.63528,31.67588,16.01269,18.59783,16.61306,20.85922,19.89138,20.39592,16.82530,24.34604,18.90026,18.80685,20.31773,18.69503,20.18126,22.67575,17.67211,24.83353,21.12301,18.30344,19.67502,18.80153,20.46480,18.99948,18.96686,16.92851,17.89143,24.84684,19.12231,20.36150,14.79463,21.24558,24.77975,15.00819,22.52852,29.55417,18.98594,16.44748,20.81606,18.03124,17.27084,19.79493,17.93431,23.97597,31.03817,17.07127,16.23681,18.06895,16.13198,16.68782,18.45879,18.34823,17.25538,21.74235,19.40548,20.35094,19.30756,20.46990,20.07890,19.52147,20.72858,26.58961,18.19147,19.24308,25.25699,22.12587,22.66481,18.71119,19.03402,23.26170,20.25862,22.49053,17.74701,19.95868,35.54013,25.96321,18.09885,24.88781,19.90334,19.91586,29.20744,17.20600,15.69242,25.21293,22.76922,23.46505,0.00000,30.52351,16.86175,48.68925,18.91757,20.73607,19.76313,23.02661,18.50243
21.04590,22.48343,19.60053,17.50212,27.81988,29.32975,30.87465,16.33137,20.68459,16.26728,16.76850,24.63210,19.20360,29.09179,20.94443,23.69329,17.08655,15.89231,21.44700,22.30361,17.34975,26.50495,19.36010,27.93463,25.75084,17.50483,17.76368,18.13161,17.92287,18.98537,15.05484,19.04601,29.14950,17.18506,19.71310,20.47721,20.86590,16.36567,18.59815,15.21028,25.70527,25.44593,20.86568,18.61240,21.83272,18.06913,20.19816,15.93097,27.09169,23.09298,23.07092,15.02854,17.75987,17.04156,18.32042,16.28683,22.39296,16.53950,20.07238,17.33092,17.74065,21.17136,20.63288,18.37564,23.31855,21.50991,21.26780,27.09984,18.38381,19.87442,24.63374,21.44593,22.96825,16.90274,22.02853,28.63603,15.61145,17.46663,18.55758,19.87684,36.10797,17.56162,19.90957,22.56538,15.17405,30.05531,16.37356,19.65728,27.17875,35.87361,18.80185,30.52351,0.00000,20.50083,17.98755,33.52978,13.85174,19.18044,16.87462,19.62280
14.62019,21.45400,19.78171,15.70161,25.92603,22.82030,23.26544,17.54707,21.69837,15.75259,16.58776,19.74138,24.35761,26.48152,22.85620,20.03322,23.39738,18.31089,18.16699,25.63652,18.76481,21.65178,17.10364,22.86232,22.63344,24.90640,22.72892,17.12264,16.61413,22.30919,21.02144,19.01942,24.60721,18.92437,18.12293,19.05670,20.42076,15.76449,16.19518,20.64625,17.91342,22.63658,26.95672,20.57394,19.57385,22.19601,19.40944,15.68382,19.95226,25.61249,17.98009,16.54170,17.54120,15.01499,17.91497,18.33703,19.28090,19.03847,20.85710,16.54178,23.07749,19.93359,22.64870,18.76517,21.02498,22.15666,23.80284,21.86363,21.19224,17.65784,16.60096,24.65872,20.78826,23.31004,17.65118,18.77340,19.38402,15.04931,33.27190,17.95750,19.74576,25.79562,18.22303,23.61963,19.61741,19.62847,17.79887,17.42392,36.37372,19.65588,42.80916,16.86175,20.50083,0.00000,29.18378,20.01205,46.92066,20.27077,23.41792,21.81343
29.76651,20.22826,23.45301,15.55231,25.11075,24.43652,36.10238,22.85823,23.01015,16.50894,15.74405,18.17520,19.09019,25.03561,19.34495,18.77689,18.62406,19.93680,18.07298,21.60202,24.66440,22.74811,18.56642,18.06176,18.12322,20.11150,20.90206,16.96046,17.09741,18.28371,20.52524,25.48374,23.21941,16.43912,20.78300,18.05883,20.01906,21.35487,16.44122,17.07773,22.44445,15.86347,25.33966,24.29160,18.28091,19.60992,23.75935,16.27163,22.18222,22.31886,20.02871,15.59067,18.81682,15.30978,17.68305,17.64066,17.83464,17.39365,22.60593,15.74665,20.59100,20.58202,20.65108,20.62469,19.69959,20.85219,21.12487,23.54972,21.24620,22.80345,18.16372,19.03396,25.39440,24.62219,22.81310,18.67699,19.34563,23.02125,21.42061,31.30751,17.84350,14.90945,23.35340,27.59226,16.28192,32.18149,15.33324,19.50602,32.91492,27.08751,18.08649,48.68925,17.98755,29.18378,0.00000,26.92651,16.67719,47.51308,18.62518,20.39924
19.03757,28.36240,20.26866,18.89210,25.01417,19.24124,34.29238,16.94653,22.98382,18.83749,17.23982,19.23144,19.71793,23.29429,23.79765,17.67650,18.10464,18.39303,20.97774,21.29884,18.39376,28.16647,19.36019,21.44471,20.73881,17.95291,28.47621,23.26808,15.24919,16.08185,17.05014,21.51974,21.00693,14.54929,16.65168,20.46420,20.22842,22.99543,17.76597,16.97219,21.42502,20.34257,17.20906,24.28739,15.35494,18.70501,19.56268,18.31737,21.64028,23.65111,17.74232,18.87542,19.61771,18.32974,15.61830,17.80511,18.19489,16.18819,18.85090,17.88143,19.78584,18.40566,20.86197,18.88584,22.28567,20.11660,21.06939,23.18019,20.74644,21.25461,18.32409,17.61758,20.99588,25.23271,21.73784,28.05338,13.90525,16.27797,25.35672,20.26766,31.23989,14.63890,17.17589,38.00271,20.48919,26.48478,17.24686,13.43780,34.80473,23.64970,22.69136,18.91757,33.52978,20.01205,26.92651,0.00000,30.13186,17.18958,50.47443,20.22023
25.07124,26.03725,33.94604,13.88814,20.34157,18.32629,30.69191,17.51585,24.98787,23.67858,18.96483,20.24361,18.02203,22.32608,19.75683,21.10132,17.07428,20.96702,18.03664,25.85390,18.77366,19.31321,16.90357,21.42632,18.41415,20.05362,23.62781,22.08937,24.14870,17.64802,18.18768,23.36880,29.67047,20.71582,15.41181,16.63521,21.09842,21.02782,16.87188,17.05950,21.31742,18.87886,22.42460,18.41532,18.10128,17.24785,22.69636,15.52207,26.87501,21.70513,18.85897,15.31930,19.87853,17.87601,20.92903,15.44465,18.45152,17.57867,19.99730,15.08996,18.98056,19.36292,19.75774,19.39456,21.10264,23.05899,22.04464,20.58485,22.05104,21.93447,19.90964,22.12134,18.97897,16.21288,25.19030,28.28130,18.84751,15.30454,27.12574,22.84803,19.77013,22.22677,19.85744,20.21661,27.04411,21.62823,17.20786,18.83964,23.74074,24.50228,21.10654,20.73607,13.85174,46.92066,16.67719,30.13186,0.00000,22.72973,14.72153,39.63893
15.21872,22.47825,23.09479,26.89172,22.01016,25.31039,29.69628,15.10745,24.12792,17.33687,25.60447,21.54099,19.82165,23.80450,18.22291,17.59017,22.23301,17.58660,20.82194,21.89593,24.73144,22.31340,19.36560,20.24139,19.03841,16.49688,20.11444,17.92610,20.53795,20.46923,18.02059,22.42644,20.03968,19.62679,16.73948,15.55515,18.72239,25.27175,15.51720,17.60447,18.73044,18.79066,20.58055,22.94347,18.63816,19.87743,28.96768,17.37005,21.94181,26.59377,18.09287,16.71443,17.12693,19.53362,16.60989,19.27360,17.58988,15.71246,19.47543,16.13704,16.49874,19.36201,20.32603,18.45701,23.08527,20.28802,23.76951,20.82328,21.42951,24.20267,17.51683,21.18007,28.21538,16.69684,19.84245,28.28734,17.69850,23.52271,19.93647,25.87248,23.28450,14.36634,19.24406,18.14528,14.22931,20.14490,20.66747,17.84119,36.24119,17.67554,22.76587,19.76313,19.18044,20.27077,47.51308,17.18958,22.72973,0.00000,30.33387,38.41481
19.41931,20.87484,24.63554,18.12152,24.25793,18.22787,32.18527,14.34661,20.54364,18.95291,18.21652,28.44609,24.71693,26.63538,19.00559,16.56914,17.18478,19.14113,17.76898,23.55133,23.10921,26.42491,20.18643,24.81541,22.82235,19.08456,22.11880,19.14619,16.45150,25.89848,24.50134,18.70375,19.98845,16.34040,21.12520,16.42550,16.42422,19.61442,16.26099,16.81992,19.54812,18.40001,20.34306,22.32366,22.38593,18.75933,26.90765,23.03843,24.78400,24.16433,21.04282,16.11458,18.96010,15.91408,19.15998,15.12192,18.05661,15.03686,22.19804,15.95601,20.32900,17.96376,20.40927,18.44947,21.06571,21.10581,22.21917,24.23807,20.69578,20.60735,22.74984,19.55848,23.26431,18.84766,17.89241,16.64602,20.90525,22.63312,24.36042,20.38145,26.66846,19.18321,19.44223,32.89389,15.13203,23.96146,28.11446,19.42522,29.16773,25.88370,15.78454,23.02661,16.87462,23.41792,18.62518,50.47443,14.72153,30.33387,0.00000,25.36335
24.37382,23.44649,17.97578,21.85224,26.81586,37.83805,29.83274,20.49530,20.50428,15.34125,18.79229,23.61049,30.31983,25.49576,19.70385,17.20810,14.30329,15.68096,21.33010,21.59068,19.53868,26.66582,16.07576,21.85589,18.48066,23.44637,20.96447,17.26719,19.95718,18.96490,18.02527,30.51314,23.26455,16.32366,14.34402,19.79847,23.38203,18.47505,14.39770,18.10804,18.82044,18.29571,19.41618,21.35656,15.76677,22.53664,20.21540,22.58669,22.47779,27.21401,17.59019,18.38558,19.39181,16.36530,16.82432,17.49662,20.26061,17.51067,15.92501,15.49621,18.83081,18.90945,17.82790,19.29186,21.04093,20.25432,20.63536,22.63477,21.46216,20.12781,19.88020,22.51882,23.86534,21.15117,23.15199,18.15379,17.30292,23.57792,23.07685,20.80503,18.90207,18.04800,26.13730,20.35087,22.85143,24.96155,14.20740,26.27453,24.22649,19.77606,22.17474,18.50243,19.62280,21.81343,20.39924,20.22023,39.63893,38.41481,25.36335,0.00000
